fips,series_complete_pop_pct,date
49055,36.6,07/04/2021
26027,33.1,07/04/2021
28155,31.5,07/04/2021
26033,58.2,07/04/2021
48027,0,07/04/2021
22107,38.3,07/04/2021
27157,57.2,07/04/2021
37159,30,07/04/2021
30069,25.7,07/04/2021
53019,43.3,07/04/2021
37143,18.8,07/04/2021
40119,35,07/04/2021
26047,60.7,07/04/2021
13287,10.8,07/04/2021
39173,50.1,07/04/2021
54097,6.7,07/04/2021
39037,30.3,07/04/2021
50025,53.6,07/04/2021
39107,30.7,07/04/2021
35047,36,07/04/2021
40151,29.4,07/04/2021
37063,52,07/04/2021
56001,41.8,07/04/2021
18029,39.9,07/04/2021
29153,19.4,07/04/2021
31089,32,07/04/2021
30027,35.9,07/04/2021
49015,26.4,07/04/2021
48183,0,07/04/2021
01133,14.2,07/04/2021
56019,32.1,07/04/2021
28119,30.6,07/04/2021
47119,44.5,07/04/2021
37157,34.8,07/04/2021
55105,52.9,07/04/2021
55015,43.4,07/04/2021
13295,15.5,07/04/2021
02275,48.4,07/04/2021
72089,42.6,07/04/2021
46107,40.4,07/04/2021
17147,41.5,07/04/2021
20013,43.6,07/04/2021
13021,16.2,07/04/2021
23021,48.9,07/04/2021
42129,45.5,07/04/2021
48223,0,07/04/2021
16033,27.5,07/04/2021
29069,21.6,07/04/2021
06085,66.5,07/04/2021
40111,29,07/04/2021
19195,41.1,07/04/2021
37187,31.6,07/04/2021
21053,26,07/04/2021
41005,54.1,07/04/2021
19027,50.8,07/04/2021
40061,28.1,07/04/2021
38057,30,07/04/2021
45041,37.9,07/04/2021
09001,62.1,07/04/2021
13225,6.6,07/04/2021
18123,44,07/04/2021
20169,35.3,07/04/2021
13315,6.5,07/04/2021
17167,47.9,07/04/2021
55051,48.8,07/04/2021
48407,0,07/04/2021
45045,39.4,07/04/2021
20199,27.7,07/04/2021
22041,24,07/04/2021
72085,51.4,07/04/2021
72077,50.6,07/04/2021
29211,29.9,07/04/2021
72123,54.8,07/04/2021
48251,0,07/04/2021
37173,39.9,07/04/2021
48105,0,07/04/2021
20141,32,07/04/2021
01101,33.5,07/04/2021
41029,43.2,07/04/2021
01067,29.5,07/04/2021
12043,22.6,07/04/2021
08021,26.3,07/04/2021
13183,3.1,07/04/2021
20157,40.5,07/04/2021
18091,45,07/04/2021
31085,15.9,07/04/2021
45061,28.4,07/04/2021
27037,53.1,07/04/2021
51013,35.5,07/04/2021
78020,0,07/04/2021
19073,46.4,07/04/2021
40047,32.5,07/04/2021
35037,25.8,07/04/2021
51131,44.8,07/04/2021
48023,0,07/04/2021
51149,18.2,07/04/2021
22077,36.4,07/04/2021
20185,33.3,07/04/2021
41053,49,07/04/2021
38053,14.4,07/04/2021
06055,59.7,07/04/2021
12035,47.3,07/04/2021
17139,30.4,07/04/2021
29091,18.2,07/04/2021
21225,27.2,07/04/2021
26029,54.3,07/04/2021
48021,0,07/04/2021
48319,0,07/04/2021
42085,41.6,07/04/2021
34015,46.4,07/04/2021
01123,26.9,07/04/2021
08125,19.1,07/04/2021
30065,26.6,07/04/2021
16025,30.4,07/04/2021
47057,35.9,07/04/2021
17099,38.8,07/04/2021
12055,36.5,07/04/2021
04025,34.9,07/04/2021
17159,33.5,07/04/2021
08067,44.9,07/04/2021
12129,30.5,07/04/2021
30053,26.9,07/04/2021
31051,33.6,07/04/2021
12047,24.9,07/04/2021
08025,10.4,07/04/2021
05123,30.4,07/04/2021
19185,33.1,07/04/2021
46103,32.8,07/04/2021
12031,39.9,07/04/2021
40041,24.8,07/04/2021
18175,31.2,07/04/2021
39041,59.2,07/04/2021
30107,27.4,07/04/2021
48503,0,07/04/2021
53075,36.4,07/04/2021
01107,30.2,07/04/2021
37093,20.9,07/04/2021
72033,47.2,07/04/2021
05055,27.5,07/04/2021
26003,53.2,07/04/2021
72035,61.9,07/04/2021
31031,26,07/04/2021
54013,11.5,07/04/2021
32011,19.8,07/04/2021
05115,32.3,07/04/2021
17199,35.8,07/04/2021
21015,49.8,07/04/2021
06065,39.7,07/04/2021
41001,59.3,07/04/2021
19067,42.1,07/04/2021
21185,46.1,07/04/2021
47135,27.2,07/04/2021
08091,40.6,07/04/2021
50015,50.4,07/04/2021
56003,26,07/04/2021
08061,12.3,07/04/2021
04005,55.4,07/04/2021
39077,35.5,07/04/2021
27093,36.9,07/04/2021
29105,23.7,07/04/2021
31177,43,07/04/2021
27075,54.1,07/04/2021
48045,0,07/04/2021
37145,40.1,07/04/2021
01113,24.2,07/04/2021
02164,48,07/04/2021
48307,0,07/04/2021
51173,24.6,07/04/2021
05125,32.9,07/04/2021
51595,0.9,07/04/2021
06109,41.9,07/04/2021
17163,40.9,07/04/2021
21091,43.9,07/04/2021
28107,28.4,07/04/2021
20051,36.3,07/04/2021
31083,31.7,07/04/2021
02240,23,07/04/2021
31149,27.1,07/04/2021
19013,46.9,07/04/2021
46053,33.2,07/04/2021
16081,45.4,07/04/2021
02090,38.8,07/04/2021
01033,33,07/04/2021
13243,6.8,07/04/2021
55121,49.8,07/04/2021
23023,62.6,07/04/2021
26091,38.6,07/04/2021
20067,31.4,07/04/2021
28033,31.6,07/04/2021
48059,0,07/04/2021
12097,46.6,07/04/2021
50017,44.7,07/04/2021
72111,54,07/04/2021
51003,21,07/04/2021
49053,27.8,07/04/2021
48289,0,07/04/2021
46025,41.1,07/04/2021
27005,42.4,07/04/2021
29053,29.7,07/04/2021
39129,38,07/04/2021
17121,30,07/04/2021
48399,0,07/04/2021
27117,42.3,07/04/2021
51107,42.5,07/04/2021
28011,38.5,07/04/2021
37129,45.8,07/04/2021
30093,49.3,07/04/2021
47189,36.8,07/04/2021
18017,33.4,07/04/2021
46027,50.1,07/04/2021
48507,0,07/04/2021
12003,19.5,07/04/2021
01115,24.7,07/04/2021
13209,12.9,07/04/2021
05129,26.2,07/04/2021
01083,24.7,07/04/2021
18181,43.4,07/04/2021
05063,25,07/04/2021
40049,34,07/04/2021
48345,0,07/04/2021
22069,27,07/04/2021
55011,40.2,07/04/2021
39137,38.6,07/04/2021
21235,31.6,07/04/2021
26005,40,07/04/2021
38067,41.7,07/04/2021
54049,7.8,07/04/2021
01029,20.6,07/04/2021
48075,0,07/04/2021
37003,33.3,07/04/2021
13269,19.9,07/04/2021
19023,47.1,07/04/2021
40141,32.9,07/04/2021
42101,42,07/04/2021
47009,38.6,07/04/2021
21057,30.2,07/04/2021
08009,16.7,07/04/2021
02282,63.9,07/04/2021
72125,54.3,07/04/2021
06035,26.1,07/04/2021
55113,47.1,07/04/2021
06063,0,07/04/2021
56021,38.1,07/04/2021
37123,30,07/04/2021
26065,45.7,07/04/2021
25017,64.2,07/04/2021
22011,20.3,07/04/2021
51035,7.4,07/04/2021
29189,46.9,07/04/2021
29217,24.1,07/04/2021
39083,33.1,07/04/2021
47169,25.8,07/04/2021
05113,21.9,07/04/2021
01055,26,07/04/2021
13049,5.6,07/04/2021
72015,53.1,07/04/2021
48095,0,07/04/2021
40053,30.1,07/04/2021
38039,39.2,07/04/2021
38059,31.5,07/04/2021
51171,27.3,07/04/2021
54073,8.6,07/04/2021
18001,26.9,07/04/2021
30029,31.2,07/04/2021
13027,22.2,07/04/2021
04017,47.6,07/04/2021
42025,47.9,07/04/2021
08055,28.8,07/04/2021
29145,16.7,07/04/2021
20139,35.9,07/04/2021
48099,0,07/04/2021
35041,20.5,07/04/2021
48205,0,07/04/2021
12075,30.7,07/04/2021
20133,16.8,07/04/2021
48127,0,07/04/2021
72139,36.7,07/04/2021
06049,0,07/04/2021
12081,44.5,07/04/2021
36029,54.1,07/04/2021
51121,23.3,07/04/2021
55061,40.5,07/04/2021
20007,36,07/04/2021
28039,23.8,07/04/2021
72137,53,07/04/2021
27073,47.6,07/04/2021
13025,6.4,07/04/2021
48373,0,07/04/2021
19009,48.9,07/04/2021
31123,26.7,07/04/2021
51037,9,07/04/2021
18159,35.5,07/04/2021
48071,0,07/04/2021
20163,35.6,07/04/2021
13083,11.9,07/04/2021
37047,29.1,07/04/2021
12051,30.7,07/04/2021
51590,0.3,07/04/2021
42095,49.6,07/04/2021
30011,23.5,07/04/2021
06095,46.5,07/04/2021
16005,35.7,07/04/2021
13127,35.8,07/04/2021
01077,32.5,07/04/2021
18113,30.4,07/04/2021
19029,47.7,07/04/2021
38013,29.6,07/04/2021
19121,42.5,07/04/2021
33005,52.2,07/04/2021
20069,27.3,07/04/2021
27045,53.5,07/04/2021
22099,24.1,07/04/2021
17125,37.5,07/04/2021
55095,40.3,07/04/2021
21075,37.4,07/04/2021
13015,9.2,07/04/2021
19043,40.4,07/04/2021
17113,45.1,07/04/2021
26039,40.2,07/04/2021
25023,54.2,07/04/2021
48381,0,07/04/2021
05143,35.2,07/04/2021
05149,29.7,07/04/2021
37195,35.9,07/04/2021
55085,53.5,07/04/2021
21211,38,07/04/2021
47127,15.8,07/04/2021
26161,55.5,07/04/2021
48173,0,07/04/2021
53063,45.8,07/04/2021
17181,37.8,07/04/2021
05037,31.2,07/04/2021
46123,26.4,07/04/2021
17115,36,07/04/2021
72043,46.9,07/04/2021
39149,28.1,07/04/2021
37011,40,07/04/2021
48203,0,07/04/2021
27163,53.1,07/04/2021
19149,41.6,07/04/2021
18053,33.2,07/04/2021
51059,48.7,07/04/2021
51127,20.1,07/04/2021
17161,40.9,07/04/2021
05083,28.8,07/04/2021
30005,60.9,07/04/2021
05019,32.6,07/04/2021
12125,21.7,07/04/2021
12007,26.9,07/04/2021
31077,32.1,07/04/2021
35006,49.2,07/04/2021
12067,24.9,07/04/2021
22111,30.5,07/04/2021
06097,59.3,07/04/2021
48463,0,07/04/2021
23029,55.4,07/04/2021
29229,22.3,07/04/2021
45021,22.5,07/04/2021
20125,31.7,07/04/2021
22029,22.3,07/04/2021
17193,34,07/04/2021
46093,35.5,07/04/2021
17171,30,07/04/2021
21065,35.6,07/04/2021
48267,0,07/04/2021
55119,27,07/04/2021
45011,34.3,07/04/2021
41031,45.9,07/04/2021
01045,34.3,07/04/2021
22083,29.3,07/04/2021
47139,30.6,07/04/2021
55079,47.1,07/04/2021
27147,47.3,07/04/2021
08073,17,07/04/2021
26133,32.7,07/04/2021
20093,35.8,07/04/2021
42017,53.7,07/04/2021
19159,41.8,07/04/2021
37057,32.8,07/04/2021
49035,41.8,07/04/2021
46101,36.2,07/04/2021
51001,47.2,07/04/2021
37091,21.8,07/04/2021
06003,0,07/04/2021
31103,22.8,07/04/2021
53049,44.5,07/04/2021
48069,0,07/04/2021
18067,36.3,07/04/2021
22047,35.6,07/04/2021
26073,34.8,07/04/2021
20015,33.3,07/04/2021
26105,49,07/04/2021
06053,49.2,07/04/2021
08023,32.5,07/04/2021
05005,32.5,07/04/2021
39159,47.5,07/04/2021
31155,40,07/04/2021
21171,33,07/04/2021
36055,57.1,07/04/2021
27001,48.4,07/04/2021
18129,37.2,07/04/2021
21213,38,07/04/2021
29161,31,07/04/2021
21043,30.5,07/04/2021
48233,0,07/04/2021
06099,34,07/04/2021
28073,37,07/04/2021
29227,30.5,07/04/2021
01031,23.4,07/04/2021
48019,0,07/04/2021
72025,57.9,07/04/2021
22079,31,07/04/2021
41049,37.9,07/04/2021
45013,46.2,07/04/2021
30033,15.6,07/04/2021
28145,25.6,07/04/2021
47115,30.1,07/04/2021
01037,28.1,07/04/2021
29059,23.8,07/04/2021
22113,22.4,07/04/2021
28109,27,07/04/2021
46049,39.5,07/04/2021
48335,0,07/04/2021
30051,26.9,07/04/2021
48375,0,07/04/2021
05047,31.4,07/04/2021
72017,49.1,07/04/2021
28101,33,07/04/2021
27025,43.5,07/04/2021
16073,21.9,07/04/2021
16051,26.1,07/04/2021
18183,37.6,07/04/2021
36087,47,07/04/2021
01043,25.5,07/04/2021
38071,44.1,07/04/2021
28055,27.7,07/04/2021
12111,40.3,07/04/2021
21081,35.6,07/04/2021
21017,42.4,07/04/2021
47159,22.1,07/04/2021
22013,31.2,07/04/2021
13317,10.1,07/04/2021
40123,37.1,07/04/2021
55123,44.1,07/04/2021
29107,33,07/04/2021
48475,0,07/04/2021
22095,39.2,07/04/2021
37185,26.9,07/04/2021
37105,38.3,07/04/2021
31141,32.9,07/04/2021
13087,25.4,07/04/2021
48007,0,07/04/2021
39105,32.6,07/04/2021
22073,29.8,07/04/2021
01091,34,07/04/2021
17143,44.2,07/04/2021
13093,10.2,07/04/2021
40063,30.8,07/04/2021
51735,0,07/04/2021
21011,38.4,07/04/2021
56005,18.9,07/04/2021
06045,49.4,07/04/2021
13019,11.7,07/04/2021
51065,37.3,07/04/2021
01089,42,07/04/2021
13239,8,07/04/2021
37125,43.9,07/04/2021
08027,23.7,07/04/2021
01009,18.5,07/04/2021
18027,24.7,07/04/2021
42001,40.8,07/04/2021
17191,28.9,07/04/2021
24001,42.5,07/04/2021
36053,49.8,07/04/2021
40099,33.1,07/04/2021
54067,28,07/04/2021
17057,39,07/04/2021
29003,26.1,07/04/2021
21005,44.7,07/04/2021
20079,33.8,07/04/2021
40017,39.8,07/04/2021
05131,24.7,07/04/2021
06091,0,07/04/2021
01103,29.6,07/04/2021
08123,32.8,07/04/2021
48383,0,07/04/2021
48367,0,07/04/2021
40101,33.1,07/04/2021
54057,30.5,07/04/2021
53041,37.5,07/04/2021
08069,43,07/04/2021
01121,23.8,07/04/2021
31063,19.1,07/04/2021
26165,39.4,07/04/2021
27115,36.9,07/04/2021
31017,28.9,07/04/2021
47027,21.3,07/04/2021
19141,41.2,07/04/2021
72117,53.1,07/04/2021
01087,31,07/04/2021
17001,38.9,07/04/2021
08113,55,07/04/2021
51175,6.6,07/04/2021
05089,23.6,07/04/2021
29159,29.1,07/04/2021
27023,39.8,07/04/2021
36073,42.5,07/04/2021
48369,0,07/04/2021
51770,7,07/04/2021
48401,0,07/04/2021
21151,37.5,07/04/2021
19197,45.8,07/04/2021
46023,36.6,07/04/2021
16011,31.5,07/04/2021
72027,55,07/04/2021
36093,55.9,07/04/2021
05095,34.8,07/04/2021
42021,43.6,07/04/2021
54109,33.4,07/04/2021
47137,33.7,07/04/2021
21153,33.6,07/04/2021
54061,14.7,07/04/2021
05041,37.3,07/04/2021
22057,27.8,07/04/2021
13023,4.2,07/04/2021
20019,31.6,07/04/2021
05117,26.6,07/04/2021
12061,49.6,07/04/2021
35027,32.9,07/04/2021
39073,36,07/04/2021
29187,29.9,07/04/2021
16003,32.5,07/04/2021
28133,34.6,07/04/2021
48447,0,07/04/2021
22031,26.2,07/04/2021
20129,28.4,07/04/2021
08063,19.2,07/04/2021
22065,25.8,07/04/2021
17203,40.6,07/04/2021
42023,46.7,07/04/2021
19089,40.6,07/04/2021
55023,46.2,07/04/2021
01047,26.5,07/04/2021
17043,54.7,07/04/2021
18011,56.7,07/04/2021
13147,20.4,07/04/2021
56025,31.2,07/04/2021
05059,27.6,07/04/2021
31007,19.1,07/04/2021
55017,44.4,07/04/2021
48051,0,07/04/2021
23027,56.2,07/04/2021
48489,0,07/04/2021
48355,0,07/04/2021
17051,21.3,07/04/2021
06015,28.5,07/04/2021
21061,28.7,07/04/2021
13033,28.4,07/04/2021
40143,42.3,07/04/2021
20043,30.7,07/04/2021
08089,23.5,07/04/2021
27139,52.4,07/04/2021
41021,33.9,07/04/2021
54091,3.6,07/04/2021
51510,26.3,07/04/2021
31015,26.6,07/04/2021
55111,49.6,07/04/2021
51021,6.4,07/04/2021
27053,58.1,07/04/2021
50013,66.3,07/04/2021
19017,48,07/04/2021
05027,29.1,07/04/2021
48281,0,07/04/2021
26037,45.7,07/04/2021
18105,50.2,07/04/2021
16029,26.4,07/04/2021
46087,35.2,07/04/2021
40001,21.7,07/04/2021
53031,65.8,07/04/2021
31129,40.2,07/04/2021
42069,56.6,07/04/2021
48125,0,07/04/2021
53011,49.3,07/04/2021
44007,52.7,07/04/2021
48141,0,07/04/2021
20115,36.8,07/04/2021
31183,21.6,07/04/2021
36015,45.6,07/04/2021
13299,15.5,07/04/2021
15005,0,07/04/2021
28161,42.1,07/04/2021
22017,32.1,07/04/2021
21229,39,07/04/2021
30043,38.8,07/04/2021
51109,2.6,07/04/2021
39009,40,07/04/2021
05107,29.8,07/04/2021
13199,16.4,07/04/2021
17111,45.5,07/04/2021
56043,29.8,07/04/2021
12053,38.6,07/04/2021
45003,32.2,07/04/2021
01063,32.3,07/04/2021
45075,36.6,07/04/2021
30075,16.2,07/04/2021
31101,26.1,07/04/2021
46097,40.4,07/04/2021
48415,0,07/04/2021
23015,65.2,07/04/2021
19155,43.4,07/04/2021
20111,40.9,07/04/2021
22103,39.3,07/04/2021
20135,38,07/04/2021
39057,49.7,07/04/2021
48103,0,07/04/2021
20045,47,07/04/2021
30079,30.1,07/04/2021
17053,39.4,07/04/2021
53029,49.9,07/04/2021
28007,31.9,07/04/2021
20031,37.1,07/04/2021
05023,30,07/04/2021
29167,26.4,07/04/2021
72115,56,07/04/2021
51093,13.9,07/04/2021
48009,0,07/04/2021
01027,26.4,07/04/2021
18035,38.4,07/04/2021
48297,0,07/04/2021
39157,33.9,07/04/2021
17025,26.9,07/04/2021
31185,39.7,07/04/2021
46081,35,07/04/2021
40023,22.4,07/04/2021
51750,7.5,07/04/2021
55003,53.9,07/04/2021
48351,0,07/04/2021
55125,52,07/04/2021
22093,33.6,07/04/2021
42077,53.8,07/04/2021
13045,15.5,07/04/2021
36041,73.8,07/04/2021
25003,45,07/04/2021
42119,44.4,07/04/2021
39151,41.9,07/04/2021
29115,33.4,07/04/2021
46031,20.2,07/04/2021
39119,37.9,07/04/2021
31009,19.8,07/04/2021
34041,50.3,07/04/2021
37155,24.1,07/04/2021
36027,53.2,07/04/2021
49051,34,07/04/2021
48239,0,07/04/2021
47141,36.5,07/04/2021
38085,26.1,07/04/2021
17079,26.3,07/04/2021
02050,50.1,07/04/2021
48273,0,07/04/2021
08085,28.6,07/04/2021
35005,27,07/04/2021
54033,19.7,07/04/2021
36003,32.9,07/04/2021
29079,25.6,07/04/2021
45009,32.8,07/04/2021
42053,58.1,07/04/2021
49037,32.2,07/04/2021
22123,29.2,07/04/2021
39081,38.4,07/04/2021
18009,35.7,07/04/2021
21047,22.7,07/04/2021
48263,0,07/04/2021
21021,45.4,07/04/2021
36013,45.5,07/04/2021
48487,0,07/04/2021
08101,29.8,07/04/2021
13281,6.2,07/04/2021
06007,38.6,07/04/2021
19101,38.5,07/04/2021
13173,6.4,07/04/2021
19095,50.6,07/04/2021
06077,36.9,07/04/2021
49011,38.9,07/04/2021
42105,25.2,07/04/2021
51117,9.9,07/04/2021
72047,54.7,07/04/2021
12037,34.1,07/04/2021
72037,47.3,07/04/2021
13017,5.9,07/04/2021
06073,41.4,07/04/2021
20203,37.4,07/04/2021
29061,22.2,07/04/2021
37025,37.8,07/04/2021
13207,5.8,07/04/2021
12059,20.4,07/04/2021
29055,22.1,07/04/2021
47155,33.7,07/04/2021
47035,36.5,07/04/2021
46033,32.6,07/04/2021
39001,24.9,07/04/2021
47093,44.5,07/04/2021
31057,28.1,07/04/2021
18005,46.5,07/04/2021
13137,11.4,07/04/2021
29171,23.5,07/04/2021
18039,32.6,07/04/2021
38003,46.2,07/04/2021
19107,37.4,07/04/2021
39161,22.3,07/04/2021
48379,0,07/04/2021
42035,33.4,07/04/2021
39111,36.4,07/04/2021
51683,2.4,07/04/2021
20085,48,07/04/2021
35023,35.3,07/04/2021
27123,54.8,07/04/2021
37083,36.2,07/04/2021
51159,7.6,07/04/2021
72005,52.9,07/04/2021
48175,0,07/04/2021
36051,47.7,07/04/2021
36005,42.5,07/04/2021
13257,5.7,07/04/2021
16031,23.5,07/04/2021
47059,33.3,07/04/2021
39005,31.9,07/04/2021
35051,40.3,07/04/2021
31047,29.8,07/04/2021
25005,49.3,07/04/2021
53077,43.4,07/04/2021
55129,52.1,07/04/2021
47005,31.6,07/04/2021
41019,40.5,07/04/2021
17149,28.5,07/04/2021
53045,45.3,07/04/2021
42059,37.2,07/04/2021
48293,0,07/04/2021
47125,38.3,07/04/2021
05079,22.3,07/04/2021
38045,38.8,07/04/2021
29089,31.1,07/04/2021
51187,4,07/04/2021
01015,29.5,07/04/2021
05127,24.9,07/04/2021
06043,0,07/04/2021
40133,35.4,07/04/2021
28001,31.7,07/04/2021
51830,3,07/04/2021
40083,23.7,07/04/2021
72149,68.8,07/04/2021
55001,43.8,07/04/2021
45047,35.7,07/04/2021
13217,10,07/04/2021
40139,29.4,07/04/2021
39089,42.8,07/04/2021
40085,30.1,07/04/2021
38065,19.8,07/04/2021
01051,27.9,07/04/2021
37167,17.5,07/04/2021
48497,0,07/04/2021
12083,40.9,07/04/2021
22053,21.7,07/04/2021
19139,47,07/04/2021
72143,43.2,07/04/2021
29219,30.6,07/04/2021
37075,32.5,07/04/2021
37141,35.6,07/04/2021
39061,48.2,07/04/2021
31175,24,07/04/2021
19071,40.7,07/04/2021
29510,39.1,07/04/2021
24045,41.9,07/04/2021
21121,25.7,07/04/2021
20063,37.7,07/04/2021
37035,39.2,07/04/2021
06069,44.1,07/04/2021
28003,24.1,07/04/2021
23003,52.1,07/04/2021
29035,20.8,07/04/2021
21009,33.1,07/04/2021
28139,25.8,07/04/2021
46083,35,07/04/2021
39091,32.7,07/04/2021
45043,40.5,07/04/2021
48483,0,07/04/2021
55055,44.2,07/04/2021
21115,32.6,07/04/2021
51145,1.5,07/04/2021
47179,43.9,07/04/2021
72093,45.6,07/04/2021
29123,24.9,07/04/2021
12009,45.7,07/04/2021
18003,40.9,07/04/2021
27063,38.2,07/04/2021
23007,50.2,07/04/2021
31005,13.2,07/04/2021
72053,49.7,07/04/2021
27159,38.3,07/04/2021
30071,31.6,07/04/2021
06001,62.3,07/04/2021
29037,35.8,07/04/2021
45029,31,07/04/2021
18019,47.2,07/04/2021
46095,24.2,07/04/2021
55045,51.6,07/04/2021
27003,43.5,07/04/2021
29071,38.5,07/04/2021
45007,29,07/04/2021
48361,0,07/04/2021
51125,21.5,07/04/2021
29021,27,07/04/2021
06005,38,07/04/2021
55081,40.2,07/04/2021
13141,5.8,07/04/2021
13177,8.6,07/04/2021
48107,0,07/04/2021
40059,33.8,07/04/2021
53047,52.7,07/04/2021
18135,33.7,07/04/2021
22001,30.9,07/04/2021
38097,39.8,07/04/2021
31161,24,07/04/2021
17169,44.6,07/04/2021
37071,33,07/04/2021
16049,22.4,07/04/2021
46085,45.6,07/04/2021
48433,0,07/04/2021
47039,26.9,07/04/2021
08077,28.5,07/04/2021
05039,36.4,07/04/2021
56029,35.4,07/04/2021
51143,17.9,07/04/2021
72081,66.4,07/04/2021
51025,26.8,07/04/2021
20021,30.2,07/04/2021
12057,41.5,07/04/2021
01111,22.8,07/04/2021
29137,32.8,07/04/2021
31147,40.4,07/04/2021
37037,44.2,07/04/2021
51017,14.9,07/04/2021
20087,40.2,07/04/2021
39123,48,07/04/2021
17189,40.1,07/04/2021
21123,33.1,07/04/2021
08039,23.5,07/04/2021
21215,19.7,07/04/2021
29175,24.5,07/04/2021
13065,21.4,07/04/2021
39033,35.1,07/04/2021
31021,45,07/04/2021
40005,25.1,07/04/2021
01125,29.3,07/04/2021
36111,56.1,07/04/2021
55005,42,07/04/2021
48079,0,07/04/2021
27069,44.4,07/04/2021
40121,30.7,07/04/2021
39131,32.7,07/04/2021
41035,37.5,07/04/2021
26015,37.9,07/04/2021
51650,31.3,07/04/2021
31151,35.3,07/04/2021
23013,67.9,07/04/2021
47085,27.9,07/04/2021
12113,33.1,07/04/2021
46135,50.7,07/04/2021
40051,26.4,07/04/2021
72063,46.9,07/04/2021
20187,34.8,07/04/2021
19113,52.9,07/04/2021
50005,30.1,07/04/2021
37031,32.7,07/04/2021
01053,21.3,07/04/2021
02198,43.5,07/04/2021
13123,7.9,07/04/2021
51775,4.4,07/04/2021
48443,0,07/04/2021
30041,41.7,07/04/2021
48039,0,07/04/2021
48481,0,07/04/2021
51027,27.4,07/04/2021
31153,46.5,07/04/2021
34005,56.1,07/04/2021
72145,56.7,07/04/2021
41047,46.6,07/04/2021
54001,5.6,07/04/2021
49033,30.4,07/04/2021
37175,43.2,07/04/2021
39045,43.7,07/04/2021
26145,42.2,07/04/2021
21007,24.5,07/04/2021
22045,28.6,07/04/2021
29225,28.2,07/04/2021
16041,27.2,07/04/2021
26063,44.5,07/04/2021
36045,53.2,07/04/2021
28017,30.8,07/04/2021
21033,36.3,07/04/2021
48083,0,07/04/2021
25007,3.2,07/04/2021
24043,43.7,07/04/2021
17005,36.9,07/04/2021
13159,9.9,07/04/2021
36059,59.3,07/04/2021
40103,43,07/04/2021
55103,46.9,07/04/2021
18139,37.7,07/04/2021
27097,35.8,07/04/2021
41061,35.5,07/04/2021
19143,37.8,07/04/2021
37127,40.5,07/04/2021
51091,48.5,07/04/2021
51031,13.8,07/04/2021
40145,32.3,07/04/2021
37183,52.9,07/04/2021
38029,25.8,07/04/2021
42055,36.2,07/04/2021
02188,42.7,07/04/2021
29027,32.9,07/04/2021
39169,34.4,07/04/2021
26081,47.5,07/04/2021
13073,19.8,07/04/2021
46011,34.8,07/04/2021
31025,45.1,07/04/2021
19033,49.5,07/04/2021
36047,44.9,07/04/2021
48411,0,07/04/2021
30081,38.7,07/04/2021
54037,28.3,07/04/2021
01109,26.3,07/04/2021
22087,30.7,07/04/2021
17019,47,07/04/2021
29081,24.7,07/04/2021
33009,64.1,07/04/2021
21101,34.4,07/04/2021
31125,22.6,07/04/2021
24047,56,07/04/2021
29007,27.2,07/04/2021
17047,28.4,07/04/2021
56007,32.6,07/04/2021
39085,51.8,07/04/2021
56035,23.4,07/04/2021
39039,38.7,07/04/2021
29197,19.5,07/04/2021
48461,0,07/04/2021
30087,57,07/04/2021
29163,27,07/04/2021
47177,27.4,07/04/2021
45083,29.9,07/04/2021
27033,43.7,07/04/2021
20195,29.3,07/04/2021
21193,42.5,07/04/2021
26115,34.9,07/04/2021
38089,25.7,07/04/2021
26143,45.8,07/04/2021
22075,39.1,07/04/2021
48033,0,07/04/2021
13193,10.5,07/04/2021
13215,24.8,07/04/2021
53003,30.8,07/04/2021
53009,54.8,07/04/2021
54009,17.8,07/04/2021
41051,63.6,07/04/2021
54017,3.3,07/04/2021
08121,15.9,07/04/2021
13313,13.9,07/04/2021
51077,18.5,07/04/2021
48391,0,07/04/2021
26089,69.3,07/04/2021
36097,50.6,07/04/2021
46067,34.6,07/04/2021
12027,31.3,07/04/2021
08013,48.7,07/04/2021
04001,58.3,07/04/2021
04007,44.9,07/04/2021
54007,11.1,07/04/2021
48221,0,07/04/2021
48437,0,07/04/2021
17103,39.4,07/04/2021
41043,42.2,07/04/2021
48257,0,07/04/2021
21035,34.2,07/04/2021
47157,35.7,07/04/2021
44003,61.7,07/04/2021
30067,46.8,07/04/2021
01073,38.6,07/04/2021
51007,1.5,07/04/2021
55021,52.5,07/04/2021
01085,30.6,07/04/2021
05101,21.8,07/04/2021
27173,45.2,07/04/2021
01035,26.4,07/04/2021
24013,57.7,07/04/2021
38027,41.7,07/04/2021
41067,59.5,07/04/2021
48137,0,07/04/2021
48501,0,07/04/2021
38011,29,07/04/2021
51083,15,07/04/2021
02110,59.9,07/04/2021
53057,51.7,07/04/2021
47161,28.6,07/04/2021
55041,46.2,07/04/2021
17067,34.4,07/04/2021
24035,52.4,07/04/2021
29005,42.4,07/04/2021
20077,35.4,07/04/2021
13201,9.4,07/04/2021
29205,34.8,07/04/2021
26051,39,07/04/2021
50021,57.3,07/04/2021
72003,50.3,07/04/2021
48451,0,07/04/2021
32017,28.3,07/04/2021
28005,23.8,07/04/2021
29125,26.1,07/04/2021
45079,41.4,07/04/2021
48091,0,07/04/2021
05029,36.9,07/04/2021
05137,27.3,07/04/2021
48003,0,07/04/2021
55141,46.8,07/04/2021
51730,2,07/04/2021
05021,31.4,07/04/2021
26067,36.8,07/04/2021
54071,31.4,07/04/2021
13039,31.5,07/04/2021
28065,27.1,07/04/2021
17073,43.6,07/04/2021
28085,24.2,07/04/2021
23005,69.8,07/04/2021
31039,39.2,07/04/2021
22007,27,07/04/2021
29033,36.4,07/04/2021
22043,25.8,07/04/2021
54043,15.1,07/04/2021
23009,61.9,07/04/2021
19137,44.6,07/04/2021
48077,0,07/04/2021
13145,14.1,07/04/2021
29173,21,07/04/2021
42075,41.7,07/04/2021
51043,42.2,07/04/2021
46121,32.6,07/04/2021
72075,52,07/04/2021
27059,30.3,07/04/2021
26103,54.1,07/04/2021
48457,0,07/04/2021
29009,29.1,07/04/2021
39103,50.5,07/04/2021
36089,48.3,07/04/2021
28063,42.2,07/04/2021
55139,46.9,07/04/2021
48499,0,07/04/2021
51133,21.7,07/04/2021
55099,47.9,07/04/2021
40097,28.4,07/04/2021
48249,0,07/04/2021
26059,29.6,07/04/2021
39015,30.5,07/04/2021
18145,44.5,07/04/2021
41071,48.1,07/04/2021
20123,41.9,07/04/2021
53067,49.9,07/04/2021
28015,26.7,07/04/2021
25001,4.4,07/04/2021
47123,30.8,07/04/2021
19053,32.1,07/04/2021
45037,41.1,07/04/2021
41037,29.9,07/04/2021
37169,27.3,07/04/2021
36119,59.5,07/04/2021
48113,0,07/04/2021
48229,0,07/04/2021
48313,0,07/04/2021
31023,40,07/04/2021
55029,64.6,07/04/2021
48227,0,07/04/2021
49013,25.3,07/04/2021
48467,0,07/04/2021
51011,1.3,07/04/2021
26155,40.6,07/04/2021
19115,40.1,07/04/2021
13179,29.8,07/04/2021
06103,27.4,07/04/2021
46079,34.1,07/04/2021
48429,0,07/04/2021
51061,30.8,07/04/2021
56031,29.7,07/04/2021
42131,46.8,07/04/2021
47065,40.9,07/04/2021
20127,42.6,07/04/2021
21083,30.2,07/04/2021
13157,17.2,07/04/2021
40035,37.1,07/04/2021
05111,26.2,07/04/2021
12071,45.2,07/04/2021
13061,18.6,07/04/2021
29169,28.7,07/04/2021
22091,19,07/04/2021
36069,56,07/04/2021
48299,0,07/04/2021
21223,32.7,07/04/2021
38015,36.1,07/04/2021
54055,34.4,07/04/2021
47075,33.7,07/04/2021
18131,35.4,07/04/2021
27031,68.5,07/04/2021
17127,25.9,07/04/2021
53001,36.7,07/04/2021
28097,34.3,07/04/2021
30023,46,07/04/2021
04019,51,07/04/2021
01007,21.5,07/04/2021
21167,41.5,07/04/2021
06037,50.9,07/04/2021
28023,33.5,07/04/2021
48477,0,07/04/2021
26107,31.9,07/04/2021
21107,37,07/04/2021
78030,0,07/04/2021
56015,29,07/04/2021
28027,30.1,07/04/2021
31165,18.9,07/04/2021
38099,42.3,07/04/2021
39139,33.5,07/04/2021
21003,30.4,07/04/2021
72069,56.1,07/04/2021
30103,36.1,07/04/2021
32019,28.8,07/04/2021
49005,33.1,07/04/2021
51660,4,07/04/2021
29109,24.3,07/04/2021
29101,27,07/04/2021
39055,49.7,07/04/2021
46063,12.5,07/04/2021
45087,28.3,07/04/2021
19057,39.1,07/04/2021
53013,33.9,07/04/2021
21067,54.9,07/04/2021
72071,47.3,07/04/2021
72029,48.2,07/04/2021
54089,14,07/04/2021
34011,33.8,07/04/2021
08099,20.8,07/04/2021
12133,20.8,07/04/2021
16065,33.1,07/04/2021
51081,4,07/04/2021
12015,51.3,07/04/2021
26109,54.9,07/04/2021
41063,46.9,07/04/2021
18171,35.9,07/04/2021
28049,36.9,07/04/2021
41039,54.6,07/04/2021
18093,38.4,07/04/2021
28135,26.1,07/04/2021
39121,31.8,07/04/2021
28053,34.1,07/04/2021
19167,33,07/04/2021
17031,48.8,07/04/2021
06011,39.6,07/04/2021
21233,30.4,07/04/2021
20005,30.5,07/04/2021
51685,1.1,07/04/2021
48421,0,07/04/2021
56011,20.9,07/04/2021
32027,28.4,07/04/2021
28087,33.1,07/04/2021
51111,29.5,07/04/2021
12095,47.1,07/04/2021
48247,0,07/04/2021
72049,57.2,07/04/2021
37133,35.3,07/04/2021
21049,42.9,07/04/2021
72109,50.3,07/04/2021
28121,33.7,07/04/2021
48435,0,07/04/2021
19117,36.5,07/04/2021
48295,0,07/04/2021
29067,15.2,07/04/2021
29057,31.5,07/04/2021
29001,34.2,07/04/2021
17045,31.3,07/04/2021
31065,31.8,07/04/2021
37171,36.1,07/04/2021
16075,22.6,07/04/2021
48121,0,07/04/2021
12099,48.2,07/04/2021
36023,47.5,07/04/2021
47113,37.7,07/04/2021
18147,35,07/04/2021
51049,5.5,07/04/2021
37181,32.3,07/04/2021
06047,29.8,07/04/2021
13175,14.2,07/04/2021
13133,33.1,07/04/2021
29143,21.9,07/04/2021
34033,39.8,07/04/2021
32510,49.1,07/04/2021
53035,49.9,07/04/2021
48231,0,07/04/2021
36031,59.8,07/04/2021
28141,25.4,07/04/2021
30013,40.1,07/04/2021
46017,40,07/04/2021
39021,34.5,07/04/2021
19123,33.8,07/04/2021
29099,30.9,07/04/2021
26053,50.3,07/04/2021
51033,8.6,07/04/2021
39109,37,07/04/2021
17065,26.3,07/04/2021
24005,55.1,07/04/2021
47051,28.5,07/04/2021
31157,28.6,07/04/2021
39051,39.9,07/04/2021
47107,27.9,07/04/2021
32009,31.7,07/04/2021
36117,49.1,07/04/2021
27061,44.1,07/04/2021
06111,53.2,07/04/2021
40029,28.4,07/04/2021
42117,33.3,07/04/2021
17097,50.3,07/04/2021
22117,26.7,07/04/2021
72021,62.2,07/04/2021
47045,25,07/04/2021
48197,0,07/04/2021
54019,24.8,07/04/2021
04012,36.2,07/04/2021
06025,52.2,07/04/2021
17157,32.3,07/04/2021
26077,48.4,07/04/2021
47153,22.2,07/04/2021
72133,50.5,07/04/2021
27081,38.5,07/04/2021
42015,31.7,07/04/2021
42009,29.8,07/04/2021
30045,29.7,07/04/2021
55107,31.2,07/04/2021
29195,33.5,07/04/2021
08071,30.7,07/04/2021
48255,0,07/04/2021
51690,0.5,07/04/2021
17063,36.7,07/04/2021
29199,19.4,07/04/2021
19111,39.6,07/04/2021
39071,27.8,07/04/2021
41003,62.4,07/04/2021
46047,38.8,07/04/2021
40095,31.1,07/04/2021
33007,51.4,07/04/2021
31001,31.4,07/04/2021
34035,57.1,07/04/2021
48179,0,07/04/2021
42003,52.2,07/04/2021
01061,24.7,07/04/2021
24017,48.3,07/04/2021
51073,43.3,07/04/2021
31121,32.1,07/04/2021
49001,25.4,07/04/2021
51075,35.5,07/04/2021
48389,0,07/04/2021
47117,28.5,07/04/2021
29073,37.3,07/04/2021
46055,24.2,07/04/2021
55097,47.8,07/04/2021
32013,30.6,07/04/2021
53037,43.3,07/04/2021
28061,30.3,07/04/2021
39023,41.1,07/04/2021
37029,28.7,07/04/2021
39035,50.2,07/04/2021
35015,25.9,07/04/2021
04027,47.1,07/04/2021
40009,29.7,07/04/2021
45017,26.4,07/04/2021
51630,4.1,07/04/2021
46109,40,07/04/2021
40013,26.3,07/04/2021
36037,47,07/04/2021
19173,38.1,07/04/2021
13111,14.9,07/04/2021
20075,27.3,07/04/2021
42049,46.3,07/04/2021
28029,33,07/04/2021
17129,41.8,07/04/2021
09007,67.9,07/04/2021
13283,5.5,07/04/2021
54081,19.9,07/04/2021
72007,53,07/04/2021
40065,35.6,07/04/2021
18117,43.8,07/04/2021
54041,27.8,07/04/2021
48311,0,07/04/2021
24023,39.5,07/04/2021
20025,36.9,07/04/2021
48473,0,07/04/2021
17197,44.9,07/04/2021
18047,23.7,07/04/2021
53027,44.5,07/04/2021
72045,42.8,07/04/2021
39117,31.9,07/04/2021
26001,47.9,07/04/2021
30021,29.4,07/04/2021
42087,38.7,07/04/2021
46119,26.4,07/04/2021
47023,24.5,07/04/2021
37067,43.8,07/04/2021
27107,43.6,07/04/2021
36091,63.9,07/04/2021
40077,24.2,07/04/2021
39165,50.2,07/04/2021
48067,0,07/04/2021
06089,34,07/04/2021
02150,49.6,07/04/2021
17037,38.3,07/04/2021
37113,28.9,07/04/2021
21143,45.6,07/04/2021
18151,39,07/04/2021
37163,33.4,07/04/2021
48357,0,07/04/2021
27039,45.8,07/04/2021
37109,35,07/04/2021
40007,22.1,07/04/2021
08005,38.4,07/04/2021
49021,26.1,07/04/2021
15003,0,07/04/2021
37027,34.1,07/04/2021
24037,50.6,07/04/2021
28159,31.4,07/04/2021
40117,34.2,07/04/2021
48235,0,07/04/2021
55093,35.4,07/04/2021
18153,37.4,07/04/2021
51620,0,07/04/2021
19181,46.5,07/04/2021
42007,35.4,07/04/2021
47103,29,07/04/2021
36065,48.4,07/04/2021
27027,28.1,07/04/2021
39113,43.3,07/04/2021
48041,0,07/04/2021
56013,40.2,07/04/2021
37049,41.6,07/04/2021
48119,0,07/04/2021
27049,52.6,07/04/2021
72113,60.4,07/04/2021
31055,49.6,07/04/2021
54085,17.6,07/04/2021
42005,46,07/04/2021
48217,0,07/04/2021
20039,31,07/04/2021
38077,40.7,07/04/2021
37107,36.3,07/04/2021
18069,40.7,07/04/2021
18143,33.6,07/04/2021
26087,36.5,07/04/2021
13113,26.5,07/04/2021
04023,75.2,07/04/2021
19083,44.8,07/04/2021
02122,36.3,07/04/2021
72105,47.5,07/04/2021
51720,0,07/04/2021
48053,0,07/04/2021
13303,7.1,07/04/2021
13301,8.7,07/04/2021
05119,39.6,07/04/2021
26149,34.1,07/04/2021
05061,30.3,07/04/2021
46057,27.5,07/04/2021
20149,28.9,07/04/2021
40109,44.1,07/04/2021
48145,0,07/04/2021
26071,45.9,07/04/2021
50011,29.7,07/04/2021
48385,0,07/04/2021
18077,43.9,07/04/2021
36075,46.8,07/04/2021
47011,28.1,07/04/2021
42061,38.5,07/04/2021
48365,0,07/04/2021
20177,44.8,07/04/2021
13195,14.9,07/04/2021
42099,37.6,07/04/2021
02195,61.7,07/04/2021
31053,40.4,07/04/2021
19153,51.1,07/04/2021
17071,35.1,07/04/2021
26011,41.9,07/04/2021
53039,39.5,07/04/2021
37005,42.9,07/04/2021
08057,21.6,07/04/2021
28105,36.4,07/04/2021
21199,33.9,07/04/2021
27021,40.2,07/04/2021
37055,57.8,07/04/2021
16015,24.7,07/04/2021
16043,30.9,07/04/2021
21019,32.3,07/04/2021
20155,37.3,07/04/2021
21073,59.7,07/04/2021
19129,42.6,07/04/2021
06013,61.5,07/04/2021
19171,49.2,07/04/2021
51193,12.6,07/04/2021
21183,28.1,07/04/2021
05091,8.5,07/04/2021
41009,46.1,07/04/2021
47037,46.6,07/04/2021
18157,46.8,07/04/2021
38009,39.7,07/04/2021
39069,39.8,07/04/2021
38037,14.5,07/04/2021
22109,28.8,07/04/2021
29133,30.7,07/04/2021
29147,35.6,07/04/2021
06021,37.1,07/04/2021
22125,64.7,07/04/2021
04009,43.9,07/04/2021
51045,1.5,07/04/2021
48403,0,07/04/2021
55077,42.4,07/04/2021
29177,27.9,07/04/2021
48123,0,07/04/2021
08097,41,07/04/2021
13307,11.4,07/04/2021
12077,23.6,07/04/2021
19011,45.8,07/04/2021
17107,36.3,07/04/2021
29029,29.9,07/04/2021
53055,69.9,07/04/2021
72065,50.9,07/04/2021
26075,40.9,07/04/2021
18025,28.9,07/04/2021
55073,45.7,07/04/2021
21095,31.4,07/04/2021
26153,41.7,07/04/2021
21137,29.6,07/04/2021
13309,4.4,07/04/2021
39097,39.4,07/04/2021
45059,27.4,07/04/2021
05045,32.6,07/04/2021
13241,20.4,07/04/2021
51163,12.7,07/04/2021
12073,41.2,07/04/2021
05009,23.9,07/04/2021
42045,55.1,07/04/2021
37015,33.2,07/04/2021
29119,17.6,07/04/2021
18081,45.4,07/04/2021
17055,28.5,07/04/2021
50023,38.6,07/04/2021
06041,71.6,07/04/2021
12109,51.4,07/04/2021
45053,24.2,07/04/2021
18065,40.9,07/04/2021
36011,47.2,07/04/2021
54053,22.1,07/04/2021
31105,27.3,07/04/2021
33019,52.5,07/04/2021
18055,31.4,07/04/2021
47017,32.2,07/04/2021
54083,27,07/04/2021
37147,37.9,07/04/2021
40105,26.9,07/04/2021
48287,0,07/04/2021
48093,0,07/04/2021
12107,26.1,07/04/2021
01057,23.2,07/04/2021
47041,28.2,07/04/2021
23019,55.1,07/04/2021
45085,31.2,07/04/2021
18057,57.4,07/04/2021
12086,56.8,07/04/2021
08014,48.9,07/04/2021
25019,1.1,07/04/2021
39063,39,07/04/2021
19075,49.5,07/04/2021
26085,47.9,07/04/2021
48209,0,07/04/2021
26151,34.9,07/04/2021
30059,41.5,07/04/2021
01001,24.9,07/04/2021
40137,33.8,07/04/2021
18059,54,07/04/2021
72101,47.6,07/04/2021
37197,34.3,07/04/2021
13155,6.4,07/04/2021
01013,25.3,07/04/2021
21163,31,07/04/2021
48081,0,07/04/2021
53025,38.8,07/04/2021
05031,27,07/04/2021
06009,37.8,07/04/2021
51105,32.7,07/04/2021
51051,26.5,07/04/2021
06061,49.6,07/04/2021
37189,43.2,07/04/2021
31137,28.1,07/04/2021
19047,41.7,07/04/2021
12121,24.9,07/04/2021
27085,43.5,07/04/2021
38019,48.3,07/04/2021
46065,43.7,07/04/2021
31097,41.9,07/04/2021
17035,25.8,07/04/2021
20033,35.6,07/04/2021
18161,35.4,07/04/2021
19085,41,07/04/2021
31081,33.7,07/04/2021
04015,29.7,07/04/2021
30109,21.6,07/04/2021
47151,25.9,07/04/2021
20113,40.7,07/04/2021
48277,0,07/04/2021
51119,45.4,07/04/2021
42057,25.5,07/04/2021
55031,33.6,07/04/2021
39007,39,07/04/2021
21133,38,07/04/2021
48143,0,07/04/2021
56033,38.3,07/04/2021
26083,47.2,07/04/2021
01023,39.5,07/04/2021
20083,35.2,07/04/2021
31037,32.7,07/04/2021
39003,32.4,07/04/2021
37021,49.9,07/04/2021
13119,7.1,07/04/2021
26121,42.4,07/04/2021
55071,46.6,07/04/2021
47033,30.5,07/04/2021
39145,34.1,07/04/2021
45039,38.5,07/04/2021
48169,0,07/04/2021
19077,47.4,07/04/2021
46105,20,07/04/2021
13055,6.9,07/04/2021
48425,0,07/04/2021
18167,39.3,07/04/2021
48279,0,07/04/2021
48453,0,07/04/2021
48283,0,07/04/2021
72067,61,07/04/2021
08049,40.7,07/04/2021
22023,12.5,07/04/2021
19179,37.9,07/04/2021
20137,39.8,07/04/2021
13051,34.8,07/04/2021
29139,34.9,07/04/2021
51089,13,07/04/2021
13117,16.5,07/04/2021
13071,10.7,07/04/2021
27077,45.3,07/04/2021
38035,43.7,07/04/2021
38073,47.8,07/04/2021
39013,35.3,07/04/2021
21221,34.1,07/04/2021
13213,7.6,07/04/2021
48213,0,07/04/2021
21237,36.9,07/04/2021
06079,44.9,07/04/2021
40027,38.2,07/04/2021
13135,22.8,07/04/2021
13169,15,07/04/2021
13285,13.1,07/04/2021
30097,31.4,07/04/2021
05043,30.9,07/04/2021
12093,31.5,07/04/2021
01011,32.7,07/04/2021
46059,32.2,07/04/2021
15009,0,07/04/2021
26159,42.9,07/04/2021
36115,52,07/04/2021
55109,38.2,07/04/2021
48325,0,07/04/2021
28103,35.3,07/04/2021
20209,34.8,07/04/2021
37017,24.5,07/04/2021
27167,24,07/04/2021
47069,30.3,07/04/2021
16017,31.9,07/04/2021
21077,28.9,07/04/2021
21157,39.1,07/04/2021
16079,32.8,07/04/2021
35017,47.3,07/04/2021
46073,35.3,07/04/2021
31181,30.3,07/04/2021
28157,42.1,07/04/2021
48331,0,07/04/2021
48177,0,07/04/2021
46039,29.6,07/04/2021
55013,46,07/04/2021
48101,0,07/04/2021
42079,48,07/04/2021
27165,43.9,07/04/2021
30017,31.8,07/04/2021
36077,49,07/04/2021
01129,25.7,07/04/2021
48259,0,07/04/2021
48043,0,07/04/2021
39127,29.9,07/04/2021
05105,34.2,07/04/2021
18063,56.2,07/04/2021
20009,31,07/04/2021
37053,36.2,07/04/2021
37115,36.2,07/04/2021
37191,34.1,07/04/2021
55007,68.2,07/04/2021
22035,28.6,07/04/2021
24031,68.3,07/04/2021
47079,33.1,07/04/2021
29181,18.9,07/04/2021
29043,31,07/04/2021
31033,32.3,07/04/2021
54003,27.2,07/04/2021
49039,24.5,07/04/2021
30101,33.9,07/04/2021
39065,28.7,07/04/2021
47163,41.2,07/04/2021
47185,30.3,07/04/2021
20145,40.4,07/04/2021
35025,19.1,07/04/2021
26041,50.3,07/04/2021
19025,48,07/04/2021
37059,40.7,07/04/2021
12087,57,07/04/2021
72019,51.9,07/04/2021
12127,43,07/04/2021
02020,45.7,07/04/2021
13247,9.7,07/04/2021
17135,34.1,07/04/2021
41055,43.4,07/04/2021
46013,42.7,07/04/2021
05053,29,07/04/2021
72013,83.1,07/04/2021
48193,0,07/04/2021
31091,33.4,07/04/2021
54015,20.4,07/04/2021
54045,27.8,07/04/2021
51047,10.2,07/04/2021
51036,3.1,07/04/2021
39053,33.4,07/04/2021
31035,31.6,07/04/2021
19051,28.9,07/04/2021
51139,9.6,07/04/2021
17049,31.3,07/04/2021
26163,40.4,07/04/2021
18121,31,07/04/2021
17155,41.1,07/04/2021
05099,22.3,07/04/2021
05067,25.3,07/04/2021
05051,30.2,07/04/2021
53061,54.8,07/04/2021
18109,41.8,07/04/2021
48011,0,07/04/2021
13319,12.8,07/04/2021
26093,47.8,07/04/2021
18021,42.4,07/04/2021
17059,37.5,07/04/2021
27109,59.8,07/04/2021
17137,37.3,07/04/2021
40037,29.3,07/04/2021
37177,32.3,07/04/2021
53073,60.7,07/04/2021
72099,53.8,07/04/2021
55037,38.2,07/04/2021
29203,17.8,07/04/2021
19169,50.8,07/04/2021
01019,22,07/04/2021
28127,28,07/04/2021
22085,23.2,07/04/2021
46071,27.1,07/04/2021
02170,27.4,07/04/2021
32021,40.4,07/04/2021
51041,25.6,07/04/2021
47149,35.2,07/04/2021
35057,32.2,07/04/2021
21201,29.5,07/04/2021
08117,54.6,07/04/2021
20027,41.4,07/04/2021
06051,0,07/04/2021
20073,38.1,07/04/2021
72083,60.8,07/04/2021
13171,6.7,07/04/2021
27169,48.3,07/04/2021
05075,27,07/04/2021
17061,31.2,07/04/2021
12021,52.8,07/04/2021
13259,13.2,07/04/2021
08087,26,07/04/2021
05135,25.6,07/04/2021
13077,19.1,07/04/2021
28151,31.1,07/04/2021
29085,28.9,07/04/2021
13031,19.3,07/04/2021
22037,26.6,07/04/2021
34039,49.2,07/04/2021
27151,44.9,07/04/2021
13089,24,07/04/2021
36109,65.9,07/04/2021
29083,30.4,07/04/2021
32015,27.4,07/04/2021
19031,48.7,07/04/2021
01081,28,07/04/2021
54051,9.2,07/04/2021
12069,48.4,07/04/2021
54069,8.2,07/04/2021
48377,0,07/04/2021
39101,36.5,07/04/2021
30035,61.7,07/04/2021
48261,0,07/04/2021
45073,34.3,07/04/2021
48131,0,07/04/2021
26009,48.5,07/04/2021
48165,0,07/04/2021
17187,36.4,07/04/2021
01021,21,07/04/2021
17151,22.6,07/04/2021
51185,24,07/04/2021
01117,23.2,07/04/2021
13167,6.7,07/04/2021
37095,50.6,07/04/2021
20065,60.5,07/04/2021
13067,30.8,07/04/2021
17101,24.5,07/04/2021
29025,27,07/04/2021
48343,0,07/04/2021
16035,31.3,07/04/2021
28083,38.5,07/04/2021
31167,20.2,07/04/2021
21041,35.9,07/04/2021
13289,5.2,07/04/2021
08119,26.6,07/04/2021
18095,40.1,07/04/2021
34029,41.3,07/04/2021
40043,19.8,07/04/2021
31115,19.4,07/04/2021
47029,36.7,07/04/2021
29149,19.4,07/04/2021
31179,31.1,07/04/2021
38051,32.7,07/04/2021
44005,62.9,07/04/2021
19045,42.7,07/04/2021
18007,33,07/04/2021
19041,42.3,07/04/2021
13029,24.6,07/04/2021
40081,27.3,07/04/2021
26127,41.4,07/04/2021
22081,22.8,07/04/2021
41011,43.7,07/04/2021
32001,33.2,07/04/2021
06107,33.6,07/04/2021
55009,48.9,07/04/2021
17131,43.3,07/04/2021
32003,39.1,07/04/2021
39031,28.9,07/04/2021
17027,39.1,07/04/2021
47025,33,07/04/2021
51019,17.2,07/04/2021
27095,44.7,07/04/2021
40039,33.7,07/04/2021
13037,9.8,07/04/2021
21059,39.5,07/04/2021
46115,31.8,07/04/2021
19187,45.1,07/04/2021
27015,52.6,07/04/2021
21085,34.8,07/04/2021
35035,35.8,07/04/2021
28025,29.4,07/04/2021
17165,32.5,07/04/2021
48265,0,07/04/2021
51760,13.1,07/04/2021
47049,23.3,07/04/2021
26013,45.1,07/04/2021
32005,42.3,07/04/2021
20165,38,07/04/2021
05011,37.3,07/04/2021
26023,34.5,07/04/2021
48495,0,07/04/2021
05013,22.5,07/04/2021
42093,61.8,07/04/2021
08019,27.3,07/04/2021
13131,8.3,07/04/2021
13129,7.8,07/04/2021
01071,30.8,07/04/2021
48347,0,07/04/2021
40131,31.9,07/04/2021
36001,59.9,07/04/2021
37061,27.1,07/04/2021
40093,34.9,07/04/2021
47167,25.3,07/04/2021
54079,14.9,07/04/2021
16021,24.2,07/04/2021
08065,36.4,07/04/2021
22101,28.9,07/04/2021
12033,36.1,07/04/2021
51137,4.9,07/04/2021
17119,41,07/04/2021
72041,56.5,07/04/2021
22059,23.8,07/04/2021
38023,33,07/04/2021
30105,34.4,07/04/2021
34023,53.6,07/04/2021
21179,42.8,07/04/2021
21187,28.1,07/04/2021
25025,57.1,07/04/2021
20029,34.6,07/04/2021
37051,43.7,07/04/2021
46029,34.6,07/04/2021
47173,24.9,07/04/2021
37079,29.1,07/04/2021
48337,0,07/04/2021
08105,34.9,07/04/2021
20049,24.8,07/04/2021
47097,24.3,07/04/2021
47105,48.2,07/04/2021
53059,31.9,07/04/2021
36099,43.4,07/04/2021
53033,64.5,07/04/2021
30009,38.4,07/04/2021
44009,62.9,07/04/2021
17133,44.4,07/04/2021
45065,48.6,07/04/2021
36107,47.4,07/04/2021
45091,31.9,07/04/2021
51103,31.5,07/04/2021
55133,55.1,07/04/2021
45081,21.6,07/04/2021
19093,39,07/04/2021
31041,29,07/04/2021
13165,13.3,07/04/2021
54105,2.9,07/04/2021
51009,25.6,07/04/2021
47073,31.6,07/04/2021
17021,33.2,07/04/2021
27051,44.7,07/04/2021
42107,46.4,07/04/2021
18013,41,07/04/2021
17075,34.8,07/04/2021
48001,0,07/04/2021
37103,36.1,07/04/2021
26139,44.8,07/04/2021
18023,35.9,07/04/2021
42111,37.6,07/04/2021
39167,41.6,07/04/2021
13227,8.9,07/04/2021
51580,0,07/04/2021
18071,39.1,07/04/2021
26129,36,07/04/2021
17175,40.5,07/04/2021
47175,39.4,07/04/2021
42037,48.3,07/04/2021
01017,20.2,07/04/2021
17085,61.7,07/04/2021
04011,31.1,07/04/2021
48439,0,07/04/2021
48291,0,07/04/2021
48117,0,07/04/2021
16037,35.2,07/04/2021
16087,29,07/04/2021
21031,33.3,07/04/2021
53021,32.7,07/04/2021
19105,48.4,07/04/2021
55049,56.6,07/04/2021
26141,50.6,07/04/2021
53071,48.6,07/04/2021
48085,0,07/04/2021
12041,23.2,07/04/2021
53053,47,07/04/2021
28123,29.1,07/04/2021
05017,36.7,07/04/2021
31133,34.3,07/04/2021
05049,21.5,07/04/2021
49029,31.4,07/04/2021
08007,28.1,07/04/2021
19065,43.6,07/04/2021
21197,38.4,07/04/2021
47003,25.7,07/04/2021
46117,47.2,07/04/2021
46089,8.9,07/04/2021
54087,4.4,07/04/2021
51157,21.4,07/04/2021
36057,51.3,07/04/2021
55047,42.3,07/04/2021
17041,33,07/04/2021
19103,59.7,07/04/2021
29017,22.7,07/04/2021
48115,0,07/04/2021
51113,38,07/04/2021
34027,61.7,07/04/2021
26123,33.4,07/04/2021
30019,31.2,07/04/2021
01095,27.5,07/04/2021
13181,12,07/04/2021
13197,8.3,07/04/2021
24011,43.9,07/04/2021
24025,55.3,07/04/2021
31159,38.2,07/04/2021
29201,31.8,07/04/2021
28147,23.7,07/04/2021
13263,20.4,07/04/2021
12065,45,07/04/2021
39067,33.2,07/04/2021
45023,30.3,07/04/2021
28013,24.8,07/04/2021
17105,32.2,07/04/2021
48245,0,07/04/2021
48419,0,07/04/2021
34013,49,07/04/2021
31087,24.7,07/04/2021
24041,59.8,07/04/2021
13251,25.3,07/04/2021
20119,29.1,07/04/2021
26101,48.4,07/04/2021
22063,24.6,07/04/2021
01093,23.9,07/04/2021
20003,30.7,07/04/2021
28075,33.3,07/04/2021
72107,55.7,07/04/2021
24019,45.3,07/04/2021
27079,36.5,07/04/2021
55067,42.5,07/04/2021
13297,15.9,07/04/2021
06093,39.6,07/04/2021
35001,46.5,07/04/2021
48211,0,07/04/2021
22009,26.8,07/04/2021
17109,35.2,07/04/2021
37117,73.1,07/04/2021
28111,23,07/04/2021
51640,1,07/04/2021
54029,18,07/04/2021
48111,0,07/04/2021
72023,52.7,07/04/2021
31139,29.7,07/04/2021
45089,38.9,07/04/2021
47109,32.9,07/04/2021
40025,20.8,07/04/2021
31045,28.8,07/04/2021
18163,45.2,07/04/2021
42121,33.7,07/04/2021
13035,7.9,07/04/2021
72051,54.6,07/04/2021
48199,0,07/04/2021
21093,44.5,07/04/2021
21045,24.4,07/04/2021
23017,52.2,07/04/2021
49009,39.5,07/04/2021
29129,24.5,07/04/2021
28037,29.2,07/04/2021
72079,54.5,07/04/2021
02070,38.8,07/04/2021
36113,63.1,07/04/2021
38031,42.7,07/04/2021
32029,15.6,07/04/2021
36009,42.8,07/04/2021
29023,22.1,07/04/2021
27105,44.9,07/04/2021
55027,39.6,07/04/2021
08051,36.8,07/04/2021
05139,29.9,07/04/2021
18097,42,07/04/2021
21025,33.7,07/04/2021
26147,39.8,07/04/2021
55043,44.2,07/04/2021
31067,31.1,07/04/2021
22115,27.7,07/04/2021
12019,31.2,07/04/2021
34003,59.5,07/04/2021
06017,47.8,07/04/2021
24015,44.3,07/04/2021
10005,51.4,07/04/2021
47007,24.1,07/04/2021
46037,41.9,07/04/2021
01065,40.2,07/04/2021
31119,32.9,07/04/2021
32007,27.8,07/04/2021
20041,39,07/04/2021
31019,28.5,07/04/2021
09003,59,07/04/2021
49025,34.1,07/04/2021
47131,25.9,07/04/2021
42013,39.7,07/04/2021
46035,35.9,07/04/2021
72097,56.5,07/04/2021
55117,47.5,07/04/2021
48057,0,07/04/2021
48153,0,07/04/2021
16009,34.9,07/04/2021
16039,28.8,07/04/2021
55059,45.3,07/04/2021
35007,32.1,07/04/2021
48305,0,07/04/2021
38061,27.1,07/04/2021
36083,56.3,07/04/2021
37135,59.2,07/04/2021
51700,26.8,07/04/2021
22097,25.8,07/04/2021
17015,46.3,07/04/2021
21173,36.1,07/04/2021
39093,48.9,07/04/2021
20205,32,07/04/2021
46129,26.8,07/04/2021
24021,58.6,07/04/2021
45015,31.6,07/04/2021
49049,32,07/04/2021
51179,29.3,07/04/2021
27065,31.6,07/04/2021
39141,37.7,07/04/2021
29019,46.9,07/04/2021
20117,48.3,07/04/2021
21013,32.8,07/04/2021
18037,44.3,07/04/2021
37099,39.8,07/04/2021
31107,38.7,07/04/2021
30089,30.6,07/04/2021
42067,32.4,07/04/2021
19069,42.1,07/04/2021
48191,0,07/04/2021
30037,34,07/04/2021
37137,43.2,07/04/2021
38093,40.4,07/04/2021
47021,34.4,07/04/2021
01079,31.3,07/04/2021
13007,23.2,07/04/2021
01131,32.7,07/04/2021
29111,26,07/04/2021
48409,0,07/04/2021
48157,0,07/04/2021
48163,0,07/04/2021
18079,30.4,07/04/2021
51550,10.6,07/04/2021
39029,37.8,07/04/2021
21159,37.5,07/04/2021
38105,19.7,07/04/2021
19109,43.3,07/04/2021
20089,36.5,07/04/2021
34031,48.5,07/04/2021
01059,28.3,07/04/2021
18107,35.5,07/04/2021
13103,15.4,07/04/2021
37111,34.7,07/04/2021
48015,0,07/04/2021
46111,34.1,07/04/2021
10001,38.8,07/04/2021
48459,0,07/04/2021
05035,25.1,07/04/2021
28009,29.7,07/04/2021
28047,33.8,07/04/2021
19125,41.6,07/04/2021
20207,30.8,07/04/2021
05087,26.3,07/04/2021
45025,25.6,07/04/2021
48363,0,07/04/2021
54059,20.8,07/04/2021
28031,29.1,07/04/2021
22055,31.8,07/04/2021
48491,0,07/04/2021
20147,33.4,07/04/2021
47091,28.4,07/04/2021
02290,54.2,07/04/2021
47181,29.8,07/04/2021
28041,22.5,07/04/2021
35009,22.6,07/04/2021
55039,42.2,07/04/2021
47171,40.1,07/04/2021
47067,23.5,07/04/2021
09015,49.6,07/04/2021
05133,26.4,07/04/2021
31163,31.4,07/04/2021
17173,28.8,07/04/2021
01069,27.6,07/04/2021
41069,46,07/04/2021
12049,24.7,07/04/2021
21219,26.7,07/04/2021
45019,48.2,07/04/2021
46077,50.3,07/04/2021
12105,37.3,07/04/2021
28113,30.6,07/04/2021
17153,25.4,07/04/2021
37023,34.1,07/04/2021
13187,5.2,07/04/2021
48063,0,07/04/2021
02013,65.5,07/04/2021
27135,39.7,07/04/2021
27087,47.1,07/04/2021
38033,22.3,07/04/2021
40107,33.5,07/04/2021
30055,13.5,07/04/2021
28059,27.9,07/04/2021
09011,61.7,07/04/2021
13219,20.7,07/04/2021
17117,37.8,07/04/2021
54047,19.2,07/04/2021
02220,61.6,07/04/2021
12001,49.8,07/04/2021
12017,43.5,07/04/2021
13267,7,07/04/2021
12123,25.2,07/04/2021
01075,28.8,07/04/2021
26035,36.1,07/04/2021
48201,0,07/04/2021
31169,36.8,07/04/2021
26055,56,07/04/2021
30015,23.7,07/04/2021
13293,26.5,07/04/2021
29165,40.2,07/04/2021
28125,37.3,07/04/2021
48455,0,07/04/2021
29215,20.8,07/04/2021
22021,25.1,07/04/2021
13249,9.8,07/04/2021
28149,37.3,07/04/2021
21127,31.3,07/04/2021
42033,39.6,07/04/2021
37087,43.2,07/04/2021
47071,29.2,07/04/2021
27113,38.4,07/04/2021
40113,21.3,07/04/2021
02016,48.6,07/04/2021
02068,41.2,07/04/2021
48089,0,07/04/2021
37007,20.7,07/04/2021
54025,31.9,07/04/2021
19039,41.7,07/04/2021
48047,0,07/04/2021
22027,26.8,07/04/2021
31069,35.6,07/04/2021
21097,36.2,07/04/2021
02261,45.3,07/04/2021
13091,4.2,07/04/2021
27067,38.8,07/04/2021
28019,22.4,07/04/2021
27089,34.4,07/04/2021
01127,30.6,07/04/2021
12005,32.9,07/04/2021
08003,29.8,07/04/2021
13229,17.2,07/04/2021
05073,24,07/04/2021
12119,67,07/04/2021
13279,9.9,07/04/2021
19175,40.5,07/04/2021
27007,44.4,07/04/2021
33003,58.6,07/04/2021
55075,39.6,07/04/2021
06105,0,07/04/2021
48215,0,07/04/2021
72009,68.7,07/04/2021
56027,22.8,07/04/2021
02230,61.3,07/04/2021
30039,29.8,07/04/2021
26137,45.9,07/04/2021
22005,32.1,07/04/2021
23011,54.8,07/04/2021
16023,31.9,07/04/2021
16019,34.6,07/04/2021
12011,48.6,07/04/2021
22067,29.5,07/04/2021
12045,33.7,07/04/2021
27149,44.9,07/04/2021
20183,35.9,07/04/2021
72055,49.3,07/04/2021
40079,26.5,07/04/2021
31143,30.5,07/04/2021
48471,0,07/04/2021
56037,29.6,07/04/2021
48013,0,07/04/2021
12029,22.3,07/04/2021
29221,21.8,07/04/2021
21161,38.7,07/04/2021
40153,27.3,07/04/2021
18085,31.7,07/04/2021
48195,0,07/04/2021
42051,44.8,07/04/2021
18087,18.3,07/04/2021
30057,35.7,07/04/2021
51710,35.1,07/04/2021
06067,47,07/04/2021
12131,32.2,07/04/2021
25027,53.9,07/04/2021
17077,35.2,07/04/2021
39027,35.9,07/04/2021
48333,0,07/04/2021
31075,12.4,07/04/2021
05033,25.8,07/04/2021
08011,9.9,07/04/2021
17093,44.8,07/04/2021
55053,38.5,07/04/2021
22039,22.9,07/04/2021
34001,49.3,07/04/2021
21119,33.8,07/04/2021
17009,24.8,07/04/2021
39133,44.4,07/04/2021
31135,30,07/04/2021
19131,39.2,07/04/2021
26021,43.3,07/04/2021
21099,25,07/04/2021
18075,29.4,07/04/2021
39115,32,07/04/2021
27103,49.8,07/04/2021
40135,26.4,07/04/2021
49043,57.5,07/04/2021
08053,28,07/04/2021
37065,33,07/04/2021
17123,40.2,07/04/2021
16057,42.9,07/04/2021
47043,31.3,07/04/2021
22119,28.4,07/04/2021
55091,40.3,07/04/2021
28153,21.6,07/04/2021
12101,41.3,07/04/2021
41023,36.4,07/04/2021
42125,48.4,07/04/2021
48129,0,07/04/2021
28099,24.4,07/04/2021
21055,26.6,07/04/2021
17183,27.2,07/04/2021
27057,37.1,07/04/2021
16059,35.7,07/04/2021
31011,40.4,07/04/2021
06071,37.8,07/04/2021
72131,59.9,07/04/2021
27013,47.8,07/04/2021
39095,44.1,07/04/2021
72153,59.2,07/04/2021
21155,39.2,07/04/2021
28021,33.8,07/04/2021
40115,23.5,07/04/2021
48327,0,07/04/2021
38063,57.2,07/04/2021
04021,36.7,07/04/2021
28077,35.7,07/04/2021
27127,40.7,07/04/2021
21141,36.5,07/04/2021
48109,0,07/04/2021
50003,35.3,07/04/2021
38041,30.2,07/04/2021
46069,36.2,07/04/2021
41017,54.5,07/04/2021
20017,34.7,07/04/2021
48353,0,07/04/2021
41013,37.9,07/04/2021
51820,0.8,07/04/2021
31071,22.5,07/04/2021
29013,26.7,07/04/2021
55127,41.4,07/04/2021
47187,49.1,07/04/2021
54035,15.8,07/04/2021
13151,13.7,07/04/2021
12089,41,07/04/2021
16067,26.1,07/04/2021
16069,38.1,07/04/2021
05103,33.3,07/04/2021
28143,28,07/04/2021
51015,20.5,07/04/2021
36079,56.1,07/04/2021
51079,2.2,07/04/2021
55025,67.6,07/04/2021
39047,33.1,07/04/2021
18133,33.5,07/04/2021
17069,29.2,07/04/2021
21063,24.1,07/04/2021
35013,46,07/04/2021
26045,44.9,07/04/2021
28115,27.3,07/04/2021
27141,32.2,07/04/2021
33001,50.7,07/04/2021
19193,41.7,07/04/2021
39175,37,07/04/2021
13291,7.5,07/04/2021
55131,44.9,07/04/2021
17177,45.1,07/04/2021
46007,31.9,07/04/2021
27145,42.7,07/04/2021
08029,26.6,07/04/2021
37081,44.1,07/04/2021
06039,35.9,07/04/2021
19183,45.8,07/04/2021
48505,0,07/04/2021
51155,15.9,07/04/2021
42081,40,07/04/2021
19165,48.4,07/04/2021
51141,21.8,07/04/2021
25015,53,07/04/2021
33017,50.4,07/04/2021
48445,0,07/04/2021
51183,8.4,07/04/2021
37045,32.3,07/04/2021
05007,34.2,07/04/2021
08095,25.3,07/04/2021
33013,57.4,07/04/2021
51099,12.6,07/04/2021
30047,44.4,07/04/2021
48371,0,07/04/2021
27111,38,07/04/2021
31113,12.8,07/04/2021
51097,24,07/04/2021
46005,32,07/04/2021
51153,46.7,07/04/2021
13245,24.9,07/04/2021
19145,42.8,07/04/2021
28163,27.6,07/04/2021
21117,48.1,07/04/2021
46102,38.2,07/04/2021
18051,35.4,07/04/2021
06031,27.8,07/04/2021
30111,38.8,07/04/2021
21149,36.2,07/04/2021
13233,6.5,07/04/2021
51147,2.3,07/04/2021
55101,45.1,07/04/2021
41007,50.6,07/04/2021
42127,48,07/04/2021
38075,28.7,07/04/2021
21181,38.8,07/04/2021
48161,0,07/04/2021
22003,21.9,07/04/2021
46075,41.4,07/04/2021
16085,47,07/04/2021
72095,53.1,07/04/2021
31059,41.1,07/04/2021
48485,0,07/04/2021
48219,0,07/04/2021
47145,32.7,07/04/2021
47019,29.7,07/04/2021
72119,44.4,07/04/2021
30077,34.6,07/04/2021
39147,37.7,07/04/2021
24510,46.6,07/04/2021
17029,32,07/04/2021
19099,45.9,07/04/2021
20193,31.1,07/04/2021
55019,28,07/04/2021
51570,0.7,07/04/2021
42133,44.9,07/04/2021
08059,48.2,07/04/2021
36049,40.5,07/04/2021
38021,42.9,07/04/2021
27133,41.4,07/04/2021
39017,42.5,07/04/2021
12085,48.5,07/04/2021
13261,27.6,07/04/2021
13211,15.8,07/04/2021
13043,10.3,07/04/2021
13321,9.1,07/04/2021
47165,33,07/04/2021
56017,36.2,07/04/2021
37097,35.7,07/04/2021
47095,22.5,07/04/2021
78010,0,07/04/2021
06019,40.5,07/04/2021
22127,30.4,07/04/2021
32033,39.3,07/04/2021
66010,45.1,07/04/2021
09013,54.8,07/04/2021
27041,44.9,07/04/2021
35043,53,07/04/2021
54065,3,07/04/2021
37043,27.2,07/04/2021
29063,19.9,07/04/2021
20081,26.9,07/04/2021
25009,57.7,07/04/2021
26135,34.9,07/04/2021
55063,54.7,07/04/2021
51520,44.5,07/04/2021
26125,53.5,07/04/2021
01097,29.9,07/04/2021
12063,29.4,07/04/2021
40031,36.2,07/04/2021
53005,41.2,07/04/2021
19177,32.6,07/04/2021
41015,42.7,07/04/2021
19005,42.2,07/04/2021
21079,35.9,07/04/2021
42029,51.4,07/04/2021
42043,47.4,07/04/2021
36103,55.2,07/04/2021
13107,18.4,07/04/2021
06033,41.6,07/04/2021
12023,27.3,07/04/2021
25011,54.5,07/04/2021
08083,34.1,07/04/2021
38083,29.7,07/04/2021
26043,53.8,07/04/2021
36007,51.1,07/04/2021
13253,6,07/04/2021
21231,27.2,07/04/2021
27083,42.7,07/04/2021
13047,9.7,07/04/2021
48253,0,07/04/2021
48025,0,07/04/2021
08093,29.4,07/04/2021
19151,42.4,07/04/2021
20097,35.4,07/04/2021
72127,49.5,07/04/2021
05081,19.5,07/04/2021
13237,6.7,07/04/2021
21125,27.8,07/04/2021
31029,21.9,07/04/2021
35053,45.3,07/04/2021
49019,41.6,07/04/2021
50007,60,07/04/2021
26049,38.9,07/04/2021
12117,44.4,07/04/2021
06059,52.8,07/04/2021
34017,53.8,07/04/2021
40129,26.1,07/04/2021
46127,38.8,07/04/2021
29185,23.5,07/04/2021
17083,40.7,07/04/2021
23025,46.8,07/04/2021
40071,29.7,07/04/2021
51057,12.2,07/04/2021
39019,34.1,07/04/2021
54103,8.9,07/04/2021
48135,0,07/04/2021
16013,61.5,07/04/2021
18099,34.7,07/04/2021
20001,32.1,07/04/2021
18111,23.9,07/04/2021
05097,26.4,07/04/2021
28043,32.3,07/04/2021
18125,44.9,07/04/2021
38087,9.1,07/04/2021
27055,35,07/04/2021
02060,83.4,07/04/2021
28129,20.6,07/04/2021
51161,1.6,07/04/2021
51810,32.9,07/04/2021
28091,26.1,07/04/2021
40125,32.6,07/04/2021
31109,52.1,07/04/2021
05145,28.9,07/04/2021
08037,44,07/04/2021
37001,41.7,07/04/2021
19049,50.7,07/04/2021
38081,47.9,07/04/2021
48159,0,07/04/2021
45031,34.3,07/04/2021
48395,0,07/04/2021
31027,32.7,07/04/2021
29207,26,07/04/2021
17095,40.3,07/04/2021
45033,29.6,07/04/2021
17023,31.4,07/04/2021
17179,43.6,07/04/2021
18103,31.2,07/04/2021
54093,27.1,07/04/2021
13139,21.2,07/04/2021
13069,18.2,07/04/2021
19021,47.8,07/04/2021
24039,36.6,07/04/2021
21135,23.8,07/04/2021
48243,0,07/04/2021
48087,0,07/04/2021
30099,31.4,07/04/2021
02130,51.5,07/04/2021
29103,30.2,07/04/2021
48151,0,07/04/2021
72151,51.1,07/04/2021
51023,15.6,07/04/2021
26057,35.7,07/04/2021
17033,35.2,07/04/2021
48207,0,07/04/2021
51069,15.8,07/04/2021
18137,36.5,07/04/2021
26111,46.6,07/04/2021
17185,35.2,07/04/2021
16061,34.9,07/04/2021
21169,27.5,07/04/2021
51115,42.8,07/04/2021
38091,36.8,07/04/2021
36035,42.3,07/04/2021
51005,3.4,07/04/2021
37089,43.2,07/04/2021
05071,29.7,07/04/2021
28079,28.4,07/04/2021
42039,38.9,07/04/2021
05121,19.7,07/04/2021
21207,33.4,07/04/2021
29155,17.3,07/04/2021
45057,29.4,07/04/2021
30025,24.6,07/04/2021
20071,38.4,07/04/2021
72121,60.6,07/04/2021
46009,41.5,07/04/2021
29077,34.5,07/04/2021
31171,18.7,07/04/2021
05093,24.8,07/04/2021
56041,30.6,07/04/2021
34025,51.3,07/04/2021
48329,0,07/04/2021
21037,50.2,07/04/2021
22049,26.9,07/04/2021
34019,52.9,07/04/2021
06023,48.7,07/04/2021
19061,53,07/04/2021
20197,34.6,07/04/2021
09005,61.2,07/04/2021
27017,49.9,07/04/2021
45027,32,07/04/2021
46019,23.8,07/04/2021
48441,0,07/04/2021
05077,22.8,07/04/2021
12039,39.8,07/04/2021
13189,10.4,07/04/2021
05001,35.5,07/04/2021
05085,30.5,07/04/2021
41027,66,07/04/2021
17039,36.8,07/04/2021
55115,40.7,07/04/2021
48301,0,07/04/2021
20059,35.3,07/04/2021
27125,42.4,07/04/2021
22015,30.1,07/04/2021
23001,52.3,07/04/2021
29127,31.3,07/04/2021
45005,40.6,07/04/2021
45067,32.8,07/04/2021
02270,49.8,07/04/2021
13273,12.3,07/04/2021
72001,52.4,07/04/2021
34021,50.5,07/04/2021
40055,27.2,07/04/2021
39087,32,07/04/2021
31043,43.7,07/04/2021
22121,33.8,07/04/2021
21089,32,07/04/2021
06057,47.4,07/04/2021
51197,18.7,07/04/2021
47183,24.9,07/04/2021
47111,21.2,07/04/2021
42097,44.8,07/04/2021
46043,30.4,07/04/2021
13205,9.6,07/04/2021
36067,59.2,07/04/2021
28081,29.3,07/04/2021
13149,7.6,07/04/2021
27143,36.6,07/04/2021
17013,42,07/04/2021
18015,26.7,07/04/2021
55069,44,07/04/2021
31061,28.9,07/04/2021
48017,0,07/04/2021
27137,52.9,07/04/2021
54107,32,07/04/2021
27011,54,07/04/2021
38005,31.5,07/04/2021
10003,50.6,07/04/2021
18115,57.3,07/04/2021
21209,47.2,07/04/2021
01039,22.7,07/04/2021
13223,13.2,07/04/2021
51670,0,07/04/2021
54005,28.8,07/04/2021
47143,30.6,07/04/2021
18141,46.9,07/04/2021
37179,38.1,07/04/2021
19191,50.9,07/04/2021
37161,28.4,07/04/2021
40073,31.4,07/04/2021
13109,13,07/04/2021
08041,38.3,07/04/2021
13221,20.1,07/04/2021
17003,20.3,07/04/2021
20189,21.6,07/04/2021
27121,45.3,07/04/2021
27009,28.7,07/04/2021
29049,32.5,07/04/2021
26131,57.5,07/04/2021
20101,32.7,07/04/2021
16001,45,07/04/2021
39135,32.7,07/04/2021
29157,27.2,07/04/2021
21051,28.8,07/04/2021
18089,43,07/04/2021
21145,40.3,07/04/2021
26099,44.6,07/04/2021
47061,18.1,07/04/2021
29151,27.3,07/04/2021
48147,0,07/04/2021
35028,62.1,07/04/2021
28051,36,07/04/2021
42063,36.1,07/04/2021
26079,38.6,07/04/2021
28071,40.2,07/04/2021
37073,32.9,07/04/2021
38069,36.1,07/04/2021
06083,51.8,07/04/2021
08017,12.2,07/04/2021
15007,0,07/04/2021
36105,44.7,07/04/2021
33015,54.1,07/04/2021
29039,23,07/04/2021
27119,31.1,07/04/2021
36081,57.1,07/04/2021
53023,24.6,07/04/2021
19059,47.9,07/04/2021
02105,59.9,07/04/2021
48393,0,07/04/2021
72135,48.5,07/04/2021
29113,27.2,07/04/2021
48349,0,07/04/2021
32031,49.3,07/04/2021
48465,0,07/04/2021
13163,20.2,07/04/2021
72129,52,07/04/2021
31013,22.2,07/04/2021
47053,29.4,07/04/2021
48405,0,07/04/2021
36063,52,07/04/2021
18083,39.3,07/04/2021
29209,27.3,07/04/2021
40021,31.8,07/04/2021
47001,41.3,07/04/2021
51199,35.8,07/04/2021
51063,3.9,07/04/2021
41033,37.5,07/04/2021
39059,34.3,07/04/2021
18049,31.7,07/04/2021
47087,23.7,07/04/2021
42083,29.6,07/04/2021
36017,47.9,07/04/2021
31173,45.5,07/04/2021
15001,0,07/04/2021
41025,33.5,07/04/2021
39075,13.8,07/04/2021
36061,62.9,07/04/2021
39049,48.6,07/04/2021
13235,7.3,07/04/2021
17145,28.9,07/04/2021
55065,48,07/04/2021
39011,31.8,07/04/2021
53069,40.8,07/04/2021
30003,55.1,07/04/2021
51095,6.7,07/04/2021
13079,11.8,07/04/2021
08031,44.2,07/04/2021
22089,38.6,07/04/2021
13125,7.7,07/04/2021
21239,57.6,07/04/2021
01005,25.9,07/04/2021
50009,32.3,07/04/2021
45069,29.6,07/04/2021
25013,49,07/04/2021
48237,0,07/04/2021
36071,48.3,07/04/2021
51053,21.7,07/04/2021
13099,7.9,07/04/2021
19007,37.2,07/04/2021
13305,21.9,07/04/2021
30049,47.5,07/04/2021
32023,33.5,07/04/2021
54027,19.3,07/04/2021
01003,30.4,07/04/2021
72011,52.1,07/04/2021
20095,35.1,07/04/2021
47147,34.7,07/04/2021
34007,49.5,07/04/2021
54101,27.7,07/04/2021
51678,0,07/04/2021
19081,39.9,07/04/2021
28095,32.9,07/04/2021
22061,29.9,07/04/2021
48413,0,07/04/2021
30073,39.5,07/04/2021
51680,0.7,07/04/2021
46137,18.4,07/04/2021
45035,35.5,07/04/2021
31003,29.3,07/04/2021
48181,0,07/04/2021
35049,53.8,07/04/2021
41041,57.1,07/04/2021
19079,50,07/04/2021
37085,26.5,07/04/2021
37193,30,07/04/2021
29183,45.7,07/04/2021
20121,35.2,07/04/2021
37033,36.8,07/04/2021
54077,29.8,07/04/2021
48073,0,07/04/2021
13277,12.9,07/04/2021
47031,30.9,07/04/2021
47083,28,07/04/2021
19001,39.9,07/04/2021
50027,44.2,07/04/2021
13255,8.4,07/04/2021
72039,57.7,07/04/2021
41065,50,07/04/2021
47121,48.4,07/04/2021
45001,30,07/04/2021
34009,57.9,07/04/2021
38001,39.4,07/04/2021
29075,31.4,07/04/2021
42109,34.1,07/04/2021
48275,0,07/04/2021
42011,44,07/04/2021
54039,28.8,07/04/2021
48187,0,07/04/2021
08111,39.8,07/04/2021
16053,27.1,07/04/2021
48189,0,07/04/2021
51177,10,07/04/2021
35031,86.6,07/04/2021
55137,34.6,07/04/2021
37149,35.7,07/04/2021
18073,35.6,07/04/2021
13057,22.7,07/04/2021
28057,23.6,07/04/2021
72059,55.1,07/04/2021
40057,35.1,07/04/2021
29135,24.9,07/04/2021
21195,37.3,07/04/2021
13265,11.1,07/04/2021
27171,40.2,07/04/2021
18155,23.5,07/04/2021
18177,37,07/04/2021
37139,31.9,07/04/2021
55135,41.3,07/04/2021
05025,32.6,07/04/2021
13153,26,07/04/2021
49003,28.9,07/04/2021
48387,0,07/04/2021
49057,34.8,07/04/2021
04013,40.6,07/04/2021
13053,99.9,07/04/2021
17011,38.9,07/04/2021
21189,31.2,07/04/2021
31079,33.4,07/04/2021
51029,8.3,07/04/2021
47133,25.6,07/04/2021
13005,6.4,07/04/2021
48133,0,07/04/2021
20107,25.9,07/04/2021
48493,0,07/04/2021
27101,41.4,07/04/2021
29051,38.7,07/04/2021
13231,7.5,07/04/2021
20057,27.6,07/04/2021
13059,17.4,07/04/2021
48149,0,07/04/2021
41059,37.6,07/04/2021
42019,49.8,07/04/2021
17087,25.3,07/04/2021
38007,14.5,07/04/2021
26007,43.2,07/04/2021
46045,27.2,07/04/2021
40075,38.2,07/04/2021
27131,50.8,07/04/2021
56009,23.4,07/04/2021
28069,26.5,07/04/2021
37013,40.2,07/04/2021
31145,26.2,07/04/2021
40003,35.8,07/04/2021
17007,40.5,07/04/2021
18041,29.8,07/04/2021
30001,42.6,07/04/2021
18119,33.7,07/04/2021
48035,0,07/04/2021
39079,34.6,07/04/2021
42091,52,07/04/2021
39153,48.8,07/04/2021
27029,33.4,07/04/2021
47013,30.4,07/04/2021
48167,0,07/04/2021
31111,21.3,07/04/2021
46061,26.4,07/04/2021
42103,41.2,07/04/2021
29045,20.5,07/04/2021
29011,22.5,07/04/2021
29047,37.8,07/04/2021
26025,39.1,07/04/2021
29095,38.5,07/04/2021
45063,37.5,07/04/2021
51071,15,07/04/2021
51600,5.9,07/04/2021
28067,26.5,07/04/2021
72057,51.7,07/04/2021
13013,12.1,07/04/2021
48241,0,07/04/2021
31073,29.8,07/04/2021
45049,42.5,07/04/2021
05003,31.7,07/04/2021
27161,44.7,07/04/2021
13161,4.4,07/04/2021
29031,34.2,07/04/2021
21029,35.1,07/04/2021
13075,26.1,07/04/2021
20035,34.4,07/04/2021
20099,34.5,07/04/2021
17091,34,07/04/2021
24029,55.1,07/04/2021
46051,34.8,07/04/2021
48479,0,07/04/2021
47081,28.4,07/04/2021
55089,57.7,07/04/2021
44001,63.2,07/04/2021
37153,33,07/04/2021
72061,63.8,07/04/2021
29121,28.6,07/04/2021
17081,28.9,07/04/2021
45051,41.2,07/04/2021
48065,0,07/04/2021
51840,3.1,07/04/2021
49047,23.7,07/04/2021
19063,41,07/04/2021
22051,45.4,07/04/2021
06075,67.2,07/04/2021
38017,45.2,07/04/2021
21111,50.5,07/04/2021
36101,45.8,07/04/2021
24033,50.8,07/04/2021
30031,45.5,07/04/2021
18043,45.6,07/04/2021
48171,0,07/04/2021
21139,34.8,07/04/2021
06029,33.3,07/04/2021
48155,0,07/04/2021
39155,41.8,07/04/2021
28093,31.2,07/04/2021
08079,39.9,07/04/2021
40033,30.9,07/04/2021
48029,0,07/04/2021
48309,0,07/04/2021
54063,24.2,07/04/2021
54031,20.6,07/04/2021
39171,35.2,07/04/2021
36095,44.6,07/04/2021
39025,44.1,07/04/2021
19163,46.6,07/04/2021
54095,15.8,07/04/2021
13081,10.7,07/04/2021
06113,51.4,07/04/2021
20143,30.6,07/04/2021
20151,36.1,07/04/2021
41045,31.4,07/04/2021
39099,43.5,07/04/2021
16045,28,07/04/2021
16083,31.4,07/04/2021
13011,8.1,07/04/2021
51181,31,07/04/2021
72073,57.4,07/04/2021
40089,21.8,07/04/2021
55057,40.7,07/04/2021
01099,25.8,07/04/2021
05109,25.7,07/04/2021
45077,34.4,07/04/2021
20171,32.3,07/04/2021
20173,35,07/04/2021
13001,6.6,07/04/2021
51167,25.6,07/04/2021
51067,21.1,07/04/2021
38079,45.4,07/04/2021
18165,35.7,07/04/2021
29093,26,07/04/2021
26017,46.2,07/04/2021
28035,25.7,07/04/2021
30095,33.3,07/04/2021
08047,39.3,07/04/2021
53007,52.8,07/04/2021
51085,27,07/04/2021
49045,30.6,07/04/2021
19161,42.4,07/04/2021
01105,31.3,07/04/2021
50019,46.6,07/04/2021
37041,34.8,07/04/2021
01119,31.7,07/04/2021
21147,30,07/04/2021
08035,46.2,07/04/2021
25021,63.1,07/04/2021
13271,12,07/04/2021
47077,28.8,07/04/2021
13095,13,07/04/2021
48005,0,07/04/2021
18061,39.7,07/04/2021
18149,28.6,07/04/2021
41057,51.1,07/04/2021
22019,26.7,07/04/2021
08107,47.2,07/04/2021
19127,49.5,07/04/2021
48037,0,07/04/2021
54021,37.3,07/04/2021
29213,26.6,07/04/2021
47089,35.6,07/04/2021
55083,41.2,07/04/2021
49041,26.7,07/04/2021
46125,30.9,07/04/2021
35021,32.2,07/04/2021
20047,35.6,07/04/2021
42065,39,07/04/2021
72031,52.8,07/04/2021
13063,12.3,07/04/2021
37121,35.2,07/04/2021
12079,30.3,07/04/2021
36043,45.6,07/04/2021
35055,50.3,07/04/2021
42113,38.3,07/04/2021
48423,0,07/04/2021
27155,48.8,07/04/2021
19035,43.2,07/04/2021
13097,19.5,07/04/2021
06027,0,07/04/2021
53051,29.5,07/04/2021
48323,0,07/04/2021
20061,40.5,07/04/2021
47063,29.4,07/04/2021
48321,0,07/04/2021
29065,20.1,07/04/2021
27035,44.5,07/04/2021
40147,29.4,07/04/2021
48269,0,07/04/2021
48339,0,07/04/2021
51101,27.4,07/04/2021
48317,0,07/04/2021
19119,32.7,07/04/2021
27047,45.4,07/04/2021
29117,33,07/04/2021
29087,31.2,07/04/2021
51610,5.7,07/04/2021
27043,44.6,07/04/2021
48417,0,07/04/2021
46041,45.7,07/04/2021
20023,34.1,07/04/2021
30061,41.6,07/04/2021
18101,37.4,07/04/2021
21131,35.1,07/04/2021
27153,32.1,07/04/2021
08075,18.5,07/04/2021
35061,37.5,07/04/2021
21217,36.5,07/04/2021
46003,35.6,07/04/2021
27091,44.1,07/04/2021
47101,24.6,07/04/2021
26061,41.6,07/04/2021
28045,25.4,07/04/2021
19003,43.2,07/04/2021
35059,16.5,07/04/2021
27019,50.7,07/04/2021
72147,58.1,07/04/2021
48449,0,07/04/2021
35045,54.3,07/04/2021
51135,14,07/04/2021
31095,43.1,07/04/2021
37039,36.6,07/04/2021
20053,42.7,07/04/2021
20091,52.2,07/04/2021
28137,26.2,07/04/2021
29041,26.9,07/04/2021
26097,59.7,07/04/2021
16063,26.6,07/04/2021
17201,40.1,07/04/2021
51800,24.5,07/04/2021
26031,42,07/04/2021
42073,37.7,07/04/2021
38043,25.1,07/04/2021
04003,44.6,07/04/2021
08109,16,07/04/2021
08081,19.4,07/04/2021
53043,39.1,07/04/2021
05015,29,07/04/2021
31131,41.8,07/04/2021
20055,26.9,07/04/2021
22105,28.7,07/04/2021
18127,45.2,07/04/2021
08033,21.1,07/04/2021
48285,0,07/04/2021
01041,23.2,07/04/2021
40015,45.1,07/04/2021
28089,43.6,07/04/2021
51169,29.3,07/04/2021
05069,25,07/04/2021
08001,36.6,07/04/2021
20109,36.1,07/04/2021
02100,57.9,07/04/2021
13185,18.4,07/04/2021
20105,34.5,07/04/2021
19097,42.9,07/04/2021
18033,34,07/04/2021
21023,34.8,07/04/2021
35029,44.4,07/04/2021
48397,0,07/04/2021
56039,71.6,07/04/2021
48225,0,07/04/2021
26019,54.5,07/04/2021
21039,27.1,07/04/2021
06087,58.9,07/04/2021
19157,47.3,07/04/2021
13085,6.4,07/04/2021
56045,25.6,07/04/2021
20159,32.8,07/04/2021
19055,42.8,07/04/2021
40149,27.4,07/04/2021
34037,48.4,07/04/2021
13101,8.5,07/04/2021
20037,34,07/04/2021
18173,49.9,07/04/2021
20131,40,07/04/2021
13003,5.7,07/04/2021
17089,44.4,07/04/2021
08103,15.7,07/04/2021
13105,11.9,07/04/2021
21205,37.5,07/04/2021
18031,38.3,07/04/2021
17141,40.3,07/04/2021
26095,36.8,07/04/2021
72103,40.5,07/04/2021
54011,19.5,07/04/2021
38095,37,07/04/2021
48303,0,07/04/2021
21203,27.1,07/04/2021
12103,48.7,07/04/2021
48341,0,07/04/2021
36025,45.5,07/04/2021
47047,38.7,07/04/2021
47129,36.9,07/04/2021
21103,41.5,07/04/2021
16047,27.7,07/04/2021
16055,32.2,07/04/2021
46021,23.8,07/04/2021
02180,56.5,07/04/2021
05057,18.6,07/04/2021
37151,30.4,07/04/2021
31093,32.8,07/04/2021
18179,33.7,07/04/2021
40045,27.1,07/04/2021
29141,27.1,07/04/2021
48031,0,07/04/2021
46099,45.8,07/04/2021
19087,41.8,07/04/2021
53015,45.3,07/04/2021
48049,0,07/04/2021
06081,65.3,07/04/2021
42071,47.7,07/04/2021
12091,38.1,07/04/2021
28117,28.6,07/04/2021
26117,32.2,07/04/2021
51165,11.4,07/04/2021
54099,27.6,07/04/2021
21105,25.8,07/04/2021
37069,34.6,07/04/2021
55078,49.4,07/04/2021
24009,52.4,07/04/2021
48185,0,07/04/2021
38025,17.1,07/04/2021
40127,23.6,07/04/2021
37199,38.3,07/04/2021
51740,57.8,07/04/2021
48431,0,07/04/2021
42123,37,07/04/2021
17017,41.9,07/04/2021
38103,34.2,07/04/2021
51087,19,07/04/2021
05065,24,07/04/2021
29131,21.6,07/04/2021
47099,24.6,07/04/2021
48359,0,07/04/2021
19147,40.9,07/04/2021
48139,0,07/04/2021
21227,33.9,07/04/2021
19133,44.2,07/04/2021
21071,39.3,07/04/2021
48315,0,07/04/2021
39043,46.8,07/04/2021
20161,29.8,07/04/2021
29179,15.6,07/04/2021
24003,59.1,07/04/2021
42047,46.6,07/04/2021
40069,29,07/04/2021
42031,34.3,07/04/2021
21165,32.8,07/04/2021
48271,0,07/04/2021
36019,59.2,07/04/2021
19037,43.4,07/04/2021
42027,47.9,07/04/2021
35019,23.9,07/04/2021
27099,48,07/04/2021
40067,30.4,07/04/2021
36033,50.5,07/04/2021
19189,42.7,07/04/2021
48469,0,07/04/2021
20011,26.4,07/04/2021
55035,49.4,07/04/2021
53065,29.1,07/04/2021
30007,26.4,07/04/2021
48061,0,07/04/2021
36039,48.6,07/04/2021
01025,30.1,07/04/2021
20153,31.8,07/04/2021
19019,42.3,07/04/2021
24027,67.3,07/04/2021
13275,13.9,07/04/2021
56023,27.3,07/04/2021
28131,27.2,07/04/2021
37119,43.5,07/04/2021
35011,31.1,07/04/2021
39143,41.9,07/04/2021
40011,31.7,07/04/2021
13009,6.5,07/04/2021
35003,26.5,07/04/2021
23031,62.7,07/04/2021
06101,39.3,07/04/2021
20167,31.8,07/04/2021
18045,36.2,07/04/2021
48427,0,07/04/2021
45055,39.7,07/04/2021
46015,32.1,07/04/2021
38101,33.4,07/04/2021
19015,51.4,07/04/2021
31049,22.4,07/04/2021
08115,21.4,07/04/2021
22033,38.9,07/04/2021
13121,23,07/04/2021
38049,32,07/04/2021
29015,34.4,07/04/2021
22025,24.1,07/04/2021
18169,33.8,07/04/2021
26113,38.1,07/04/2021
01049,20.1,07/04/2021
20181,31.6,07/04/2021
48097,0,07/04/2021
51790,1.6,07/04/2021
17195,41.9,07/04/2021
45071,37,07/04/2021
72087,32.9,07/04/2021
42041,50.7,07/04/2021
35039,53.6,07/04/2021
08045,30.5,07/04/2021
35033,39,07/04/2021
37019,46.8,07/04/2021
20175,29.5,07/04/2021
40019,30.3,07/04/2021
21001,27.6,07/04/2021
21129,34.8,07/04/2021
30091,38.5,07/04/2021
53017,44.8,07/04/2021
51530,0,07/04/2021
54023,12.2,07/04/2021
20179,28.2,07/04/2021
37131,34,07/04/2021
21109,23.2,07/04/2021
31117,9.3,07/04/2021
11001,50.1,07/04/2021
46091,39.9,07/04/2021
21087,31.1,07/04/2021
36085,47.9,07/04/2021
12013,23.1,07/04/2021
31127,38,07/04/2021
40087,34.9,07/04/2021
38047,26.3,07/04/2021
21027,31.2,07/04/2021
30083,27,07/04/2021
21113,42.1,07/04/2021
49017,32.9,07/04/2021
49027,26.7,07/04/2021
29097,30.8,07/04/2021
48055,0,07/04/2021
30063,53.1,07/04/2021
50001,58.5,07/04/2021
49007,28.7,07/04/2021
08043,24.4,07/04/2021
13115,9.6,07/04/2021
72091,56.1,07/04/2021
27071,47,07/04/2021
05147,37.4,07/04/2021
49031,22.9,07/04/2021
19091,39.5,07/04/2021
13311,5.6,07/04/2021
38055,33.9,07/04/2021
08015,31,07/04/2021
30085,39.7,07/04/2021
51540,5.6,07/04/2021
26119,43.9,07/04/2021
72054,55.8,07/04/2021
21191,33.1,07/04/2021
16027,28.8,07/04/2021
16077,35.9,07/04/2021
13143,8.3,07/04/2021
29186,32.9,07/04/2021
39125,33.8,07/04/2021
47055,26.6,07/04/2021
47015,21.4,07/04/2021
55033,38.3,07/04/2021
26157,35.8,07/04/2021
19135,37.2,07/04/2021
09009,59.4,07/04/2021
51195,19.6,07/04/2021
54075,22.4,07/04/2021
72141,50,07/04/2021
21177,35.8,07/04/2021
39163,28.8,07/04/2021
37077,42.3,07/04/2021
37009,38.5,07/04/2021
36121,40.4,07/04/2021
37165,32.2,07/04/2021
05141,29.6,07/04/2021
13191,27.7,07/04/2021
40091,39.7,07/04/2021
20191,30.4,07/04/2021
29223,25,07/04/2021
51191,32.8,07/04/2021
49023,22.7,07/04/2021
02185,28.3,07/04/2021
31099,35.6,07/04/2021
36021,58.6,07/04/2021
37101,35.3,07/04/2021
26069,45.3,07/04/2021
55087,48.8,07/04/2021
21175,35.8,07/04/2021
42115,36.7,07/04/2021
27129,43.3,07/04/2021
33011,50.3,07/04/2021
22071,49.7,07/04/2021
36123,42.7,07/04/2021
21069,35.1,07/04/2021
12115,54.5,07/04/2021
42089,43.9,07/04/2021
20103,42.4,07/04/2021
06115,31.8,07/04/2021
20201,38.7,07/04/2021
16071,29,07/04/2021
16007,32.8,07/04/2021
